,shot_type,situation,result,xG,minute,team_score,opponent_score,name,understat_id,location,team,opponent,assist,date,match_id,season,position
309900,LeftFoot,OpenPlay,SavedShot,0.054997265338897705,25,1,4,Marco Stiepermann,7694,a,Norwich,Liverpool,Emiliano Buendía,2019-08-09 20:00:00,11643,2019,"(0.8030000305175782, 0.49)"
309913,RightFoot,OpenPlay,Goal,0.3120565712451935,63,1,4,Teemu Pukki,7696,a,Norwich,Liverpool,Emiliano Buendía,2019-08-09 20:00:00,11643,2019,"(0.909000015258789, 0.38599998474121094)"
309894,LeftFoot,OpenPlay,MissedShots,0.04457487910985947,9,1,4,Marco Stiepermann,7694,a,Norwich,Liverpool,Teemu Pukki,2019-08-09 20:00:00,11643,2019,"(0.84, 0.6140000152587891)"
309892,LeftFoot,OpenPlay,MissedShots,0.07037076354026794,4,1,4,Marco Stiepermann,7694,a,Norwich,Liverpool,Teemu Pukki,2019-08-09 20:00:00,11643,2019,"(0.8690000152587891, 0.629000015258789)"
309912,RightFoot,OpenPlay,ShotOnPost,0.0486493855714798,61,1,4,Moritz Leitner,1217,a,Norwich,Liverpool,Todd Cantwell,2019-08-09 20:00:00,11643,2019,"(0.905, 0.27)"
309899,LeftFoot,OpenPlay,SavedShot,0.04139561578631401,24,1,4,Emiliano Buendía,2203,a,Norwich,Liverpool,Todd Cantwell,2019-08-09 20:00:00,11643,2019,"(0.8059999847412109, 0.4779999923706055)"
309895,LeftFoot,OpenPlay,BlockedShot,0.09858032315969467,14,1,4,Teemu Pukki,7696,a,Norwich,Liverpool,Jamal Lewis,2019-08-09 20:00:00,11643,2019,"(0.895, 0.6780000305175782)"
309916,RightFoot,DirectFreekick,SavedShot,0.03860388323664665,79,1,4,Emiliano Buendía,2203,a,Norwich,Liverpool,,2019-08-09 20:00:00,11643,2019,"(0.754000015258789, 0.7419999694824219)"
309903,Head,FromCorner,MissedShots,0.021541999652981758,34,1,4,Tom Trybull,7692,a,Norwich,Liverpool,Emiliano Buendía,2019-08-09 20:00:00,11643,2019,"(0.9, 0.4809999847412109)"
309893,RightFoot,OpenPlay,OwnGoal,0.0,6,1,4,Grant Hanley,7690,a,Norwich,Liverpool,,2019-08-09 20:00:00,11643,2019,"(0.035999999046325684, 0.4179999923706055)"
309918,RightFoot,OpenPlay,SavedShot,0.008998467586934566,90,1,4,Ben Godfrey,7689,a,Norwich,Liverpool,Jamal Lewis,2019-08-09 20:00:00,11643,2019,"(0.7469999694824219, 0.72)"
309919,LeftFoot,OpenPlay,BlockedShot,0.049240197986364365,90,1,4,Onel Hernández,7697,a,Norwich,Liverpool,,2019-08-09 20:00:00,11643,2019,"(0.9390000152587891, 0.6509999847412109)"
309896,LeftFoot,OpenPlay,MissedShots,0.05384041741490364,14,1,4,Teemu Pukki,7696,a,Norwich,Liverpool,Todd Cantwell,2019-08-09 20:00:00,11643,2019,"(0.97, 0.6719999694824219)"
310551,LeftFoot,OpenPlay,SavedShot,0.06105342507362366,24,3,1,Teemu Pukki,7696,h,Norwich,Newcastle United,Todd Cantwell,2019-08-17 15:00:00,11657,2019,"(0.8959999847412109, 0.6819999694824219)"
310554,RightFoot,FromCorner,Goal,0.04827481508255005,31,3,1,Teemu Pukki,7696,h,Norwich,Newcastle United,,2019-08-17 15:00:00,11657,2019,"(0.865, 0.629000015258789)"
310563,RightFoot,OpenPlay,Goal,0.09524820744991302,62,3,1,Teemu Pukki,7696,h,Norwich,Newcastle United,Todd Cantwell,2019-08-17 15:00:00,11657,2019,"(0.855, 0.6120000076293945)"
310548,RightFoot,OpenPlay,SavedShot,0.2724313735961914,14,3,1,Teemu Pukki,7696,h,Norwich,Newcastle United,Max Aarons,2019-08-17 15:00:00,11657,2019,"(0.9619999694824218, 0.3390000152587891)"
310546,RightFoot,OpenPlay,MissedShots,0.13691380620002747,7,3,1,Teemu Pukki,7696,h,Norwich,Newcastle United,Marco Stiepermann,2019-08-17 15:00:00,11657,2019,"(0.9169999694824219, 0.4520000076293945)"
310568,RightFoot,OpenPlay,BlockedShot,0.11041063815355301,84,3,1,Mario Vrancic,12,h,Norwich,Newcastle United,Emiliano Buendía,2019-08-17 15:00:00,11657,2019,"(0.8569999694824219, 0.415)"
310566,LeftFoot,OpenPlay,SavedShot,0.05025540664792061,77,3,1,Marco Stiepermann,7694,h,Norwich,Newcastle United,Tom Trybull,2019-08-17 15:00:00,11657,2019,"(0.7909999847412109, 0.6120000076293945)"
310553,LeftFoot,OpenPlay,BlockedShot,0.020654506981372833,26,3,1,Marco Stiepermann,7694,h,Norwich,Newcastle United,Todd Cantwell,2019-08-17 15:00:00,11657,2019,"(0.759000015258789, 0.3120000076293945)"
310565,LeftFoot,OpenPlay,Goal,0.4215811789035797,74,3,1,Teemu Pukki,7696,h,Norwich,Newcastle United,Todd Cantwell,2019-08-17 15:00:00,11657,2019,"(0.875999984741211, 0.5279999923706055)"
310564,LeftFoot,OpenPlay,BlockedShot,0.07479053735733032,70,3,1,Emiliano Buendía,2203,h,Norwich,Newcastle United,Todd Cantwell,2019-08-17 15:00:00,11657,2019,"(0.8209999847412109, 0.5029999923706054)"
310549,Head,FromCorner,MissedShots,0.033558014780282974,15,3,1,Tom Trybull,7692,h,Norwich,Newcastle United,Emiliano Buendía,2019-08-17 15:00:00,11657,2019,"(0.9159999847412109, 0.4620000076293945)"
310569,Head,FromCorner,MissedShots,0.026747891679406166,85,3,1,Grant Hanley,7690,h,Norwich,Newcastle United,Emiliano Buendía,2019-08-17 15:00:00,11657,2019,"(0.909000015258789, 0.5359999847412109)"
310545,LeftFoot,OpenPlay,SavedShot,0.5670806169509888,4,3,1,Todd Cantwell,7695,h,Norwich,Newcastle United,Teemu Pukki,2019-08-17 15:00:00,11657,2019,"(0.970999984741211, 0.4279999923706055)"
310570,RightFoot,OpenPlay,SavedShot,0.09791752696037292,86,3,1,Teemu Pukki,7696,h,Norwich,Newcastle United,Mario Vrancic,2019-08-17 15:00:00,11657,2019,"(0.8959999847412109, 0.33)"
310562,RightFoot,OpenPlay,BlockedShot,0.07880173623561859,61,3,1,Max Aarons,7688,h,Norwich,Newcastle United,Emiliano Buendía,2019-08-17 15:00:00,11657,2019,"(0.955, 0.3220000076293945)"
312301,RightFoot,OpenPlay,Goal,0.750717282295227,5,2,3,Todd Cantwell,7695,h,Norwich,Chelsea,Teemu Pukki,2019-08-24 12:30:00,11664,2019,"(0.9690000152587891, 0.534000015258789)"
312310,RightFoot,SetPiece,SavedShot,0.10451257228851318,33,2,3,Grant Hanley,7690,h,Norwich,Chelsea,,2019-08-24 12:30:00,11664,2019,"(0.8880000305175781, 0.4540000152587891)"
312325,Head,FromCorner,ShotOnPost,0.06009448692202568,71,2,3,Ben Godfrey,7689,h,Norwich,Chelsea,Emiliano Buendía,2019-08-24 12:30:00,11664,2019,"(0.9309999847412109, 0.4909999847412109)"
312323,RightFoot,OpenPlay,SavedShot,0.04684119671583176,67,2,3,Teemu Pukki,7696,h,Norwich,Chelsea,Emiliano Buendía,2019-08-24 12:30:00,11664,2019,"(0.8640000152587891, 0.685)"
312308,RightFoot,OpenPlay,Goal,0.09935839474201202,30,2,3,Teemu Pukki,7696,h,Norwich,Chelsea,Emiliano Buendía,2019-08-24 12:30:00,11664,2019,"(0.9490000152587891, 0.32799999237060545)"
312309,RightFoot,SetPiece,SavedShot,0.01955820806324482,33,2,3,Emiliano Buendía,2203,h,Norwich,Chelsea,Moritz Leitner,2019-08-24 12:30:00,11664,2019,"(0.7830000305175782, 0.6930000305175781)"
315773,RightFoot,OpenPlay,ShotOnPost,0.4837823510169983,91,0,2,Josip Drmic,209,a,Norwich,West Ham,Kenny McLean,2019-08-31 15:00:00,11674,2019,"(0.95, 0.5220000076293946)"
315753,Head,OpenPlay,MissedShots,0.4662085175514221,30,0,2,Todd Cantwell,7695,a,Norwich,West Ham,Max Aarons,2019-08-31 15:00:00,11674,2019,"(0.9730000305175781, 0.5459999847412109)"
315752,RightFoot,OpenPlay,MissedShots,0.046865321695804596,26,0,2,Todd Cantwell,7695,a,Norwich,West Ham,,2019-08-31 15:00:00,11674,2019,"(0.8159999847412109, 0.5309999847412109)"
315762,RightFoot,OpenPlay,BlockedShot,0.020746653899550438,75,0,2,Max Aarons,7688,a,Norwich,West Ham,Jamal Lewis,2019-08-31 15:00:00,11674,2019,"(0.9330000305175781, 0.28600000381469726)"
315759,RightFoot,OpenPlay,SavedShot,0.034426044672727585,65,0,2,Teemu Pukki,7696,a,Norwich,West Ham,,2019-08-31 15:00:00,11674,2019,"(0.7959999847412109, 0.5879999923706055)"
315772,Head,OpenPlay,SavedShot,0.015945924445986748,89,0,2,Teemu Pukki,7696,a,Norwich,West Ham,Kenny McLean,2019-08-31 15:00:00,11674,2019,"(0.894000015258789, 0.625)"
315754,LeftFoot,OpenPlay,SavedShot,0.03348550200462341,32,0,2,Marco Stiepermann,7694,a,Norwich,West Ham,Moritz Leitner,2019-08-31 15:00:00,11674,2019,"(0.8009999847412109, 0.649000015258789)"
315758,RightFoot,FromCorner,BlockedShot,0.06594338268041611,59,0,2,Marco Stiepermann,7694,a,Norwich,West Ham,,2019-08-31 15:00:00,11674,2019,"(0.8969999694824219, 0.624000015258789)"
317523,LeftFoot,OpenPlay,Goal,0.7004085183143616,27,3,2,Todd Cantwell,7695,h,Norwich,Manchester City,Teemu Pukki,2019-09-14 16:30:00,11689,2019,"(0.960999984741211, 0.5370000076293945)"
317526,Head,FromCorner,BlockedShot,0.04009231552481651,33,3,2,Sam Byram,902,h,Norwich,Manchester City,Emiliano Buendía,2019-09-14 16:30:00,11689,2019,"(0.915, 0.49900001525878906)"
317538,RightFoot,DirectFreekick,MissedShots,0.04456273838877678,72,3,2,Emiliano Buendía,2203,h,Norwich,Manchester City,,2019-09-14 16:30:00,11689,2019,"(0.735999984741211, 0.3509999847412109)"
317530,RightFoot,OpenPlay,Goal,0.5800573825836182,49,3,2,Teemu Pukki,7696,h,Norwich,Manchester City,Emiliano Buendía,2019-09-14 16:30:00,11689,2019,"(0.9269999694824219, 0.4929999923706055)"
317520,Head,FromCorner,Goal,0.0651005208492279,17,3,2,Kenny McLean,7693,h,Norwich,Manchester City,Emiliano Buendía,2019-09-14 16:30:00,11689,2019,"(0.93, 0.4179999923706055)"
317529,LeftFoot,OpenPlay,MissedShots,0.26448145508766174,48,3,2,Teemu Pukki,7696,h,Norwich,Manchester City,Marco Stiepermann,2019-09-14 16:30:00,11689,2019,"(0.9119999694824219, 0.67)"
317527,RightFoot,FromCorner,MissedShots,0.04659736156463623,33,3,2,Teemu Pukki,7696,h,Norwich,Manchester City,Todd Cantwell,2019-09-14 16:30:00,11689,2019,"(0.879000015258789, 0.6840000152587891)"
320422,Head,OpenPlay,MissedShots,0.05123387277126312,41,0,2,Teemu Pukki,7696,a,Norwich,Burnley,Jamal Lewis,2019-09-21 14:00:00,11696,2019,"(0.9169999694824219, 0.524000015258789)"
320428,RightFoot,OpenPlay,SavedShot,0.03747951611876488,67,0,2,Teemu Pukki,7696,a,Norwich,Burnley,Marco Stiepermann,2019-09-21 14:00:00,11696,2019,"(0.825999984741211, 0.3320000076293945)"
320434,RightFoot,OpenPlay,BlockedShot,0.018416540697216988,82,0,2,Teemu Pukki,7696,a,Norwich,Burnley,Emiliano Buendía,2019-09-21 14:00:00,11696,2019,"(0.7340000152587891, 0.5479999923706055)"
320423,RightFoot,OpenPlay,MissedShots,0.05185320973396301,45,0,2,Emiliano Buendía,2203,a,Norwich,Burnley,Moritz Leitner,2019-09-21 14:00:00,11696,2019,"(0.799000015258789, 0.49700000762939456)"
320420,Head,OpenPlay,MissedShots,0.06011056527495384,34,0,2,Todd Cantwell,7695,a,Norwich,Burnley,,2019-09-21 14:00:00,11696,2019,"(0.9169999694824219, 0.539000015258789)"
320421,LeftFoot,OpenPlay,BlockedShot,0.15502731502056122,37,0,2,Emiliano Buendía,2203,a,Norwich,Burnley,Moritz Leitner,2019-09-21 14:00:00,11696,2019,"(0.925, 0.6580000305175782)"
320417,RightFoot,OpenPlay,ShotOnPost,0.02013321965932846,21,0,2,Moritz Leitner,1217,a,Norwich,Burnley,Todd Cantwell,2019-09-21 14:00:00,11696,2019,"(0.7569999694824219, 0.5690000152587891)"
320432,RightFoot,OpenPlay,MissedShots,0.013598919846117496,74,0,2,Moritz Leitner,1217,a,Norwich,Burnley,Jamal Lewis,2019-09-21 14:00:00,11696,2019,"(0.8090000152587891, 0.73)"
320435,RightFoot,OpenPlay,MissedShots,0.016621969640254974,83,0,2,Moritz Leitner,1217,a,Norwich,Burnley,,2019-09-21 14:00:00,11696,2019,"(0.794000015258789, 0.33)"
320412,RightFoot,OpenPlay,SavedShot,0.3094942569732666,7,0,2,Teemu Pukki,7696,a,Norwich,Burnley,,2019-09-21 14:00:00,11696,2019,"(0.9019999694824219, 0.674000015258789)"
320431,RightFoot,OpenPlay,BlockedShot,0.06745824962854385,69,0,2,Todd Cantwell,7695,a,Norwich,Burnley,Moritz Leitner,2019-09-21 14:00:00,11696,2019,"(0.9119999694824219, 0.6719999694824219)"
322738,LeftFoot,OpenPlay,BlockedShot,0.01952904835343361,76,0,2,Max Aarons,7688,a,Norwich,Crystal Palace,Teemu Pukki,2019-09-28 14:00:00,11709,2019,"(0.765, 0.31799999237060544)"
322729,RightFoot,OpenPlay,SavedShot,0.04929335042834282,38,0,2,Emiliano Buendía,2203,a,Norwich,Crystal Palace,Marco Stiepermann,2019-09-28 14:00:00,11709,2019,"(0.875, 0.3129999923706055)"
322720,RightFoot,SetPiece,BlockedShot,0.0401771143078804,4,0,2,Emiliano Buendía,2203,a,Norwich,Crystal Palace,,2019-09-28 14:00:00,11709,2019,"(0.874000015258789, 0.3129999923706055)"
322726,LeftFoot,OpenPlay,BlockedShot,0.04173871874809265,26,0,2,Marco Stiepermann,7694,a,Norwich,Crystal Palace,Teemu Pukki,2019-09-28 14:00:00,11709,2019,"(0.865999984741211, 0.6680000305175782)"
322735,LeftFoot,OpenPlay,MissedShots,0.039991676807403564,57,0,2,Marco Stiepermann,7694,a,Norwich,Crystal Palace,Teemu Pukki,2019-09-28 14:00:00,11709,2019,"(0.8119999694824219, 0.610999984741211)"
322721,LeftFoot,OpenPlay,BlockedShot,0.01830601505935192,11,0,2,Moritz Leitner,1217,a,Norwich,Crystal Palace,Jamal Lewis,2019-09-28 14:00:00,11709,2019,"(0.7980000305175782, 0.7240000152587891)"
322743,Head,SetPiece,MissedShots,0.028085872530937195,93,0,2,Josip Drmic,209,a,Norwich,Crystal Palace,Emiliano Buendía,2019-09-28 14:00:00,11709,2019,"(0.8590000152587891, 0.5420000076293945)"
322727,LeftFoot,OpenPlay,SavedShot,0.0623742900788784,29,0,2,Teemu Pukki,7696,a,Norwich,Crystal Palace,Emiliano Buendía,2019-09-28 14:00:00,11709,2019,"(0.9180000305175782, 0.639000015258789)"
322734,RightFoot,OpenPlay,SavedShot,0.06050632521510124,56,0,2,Todd Cantwell,7695,a,Norwich,Crystal Palace,Emiliano Buendía,2019-09-28 14:00:00,11709,2019,"(0.850999984741211, 0.6370000076293946)"
322728,RightFoot,OpenPlay,BlockedShot,0.35212668776512146,35,0,2,Todd Cantwell,7695,a,Norwich,Crystal Palace,Jamal Lewis,2019-09-28 14:00:00,11709,2019,"(0.8780000305175781, 0.43900001525878907)"
324157,LeftFoot,OpenPlay,MissedShots,0.09000962227582932,8,1,5,Marco Stiepermann,7694,h,Norwich,Aston Villa,Emiliano Buendía,2019-10-05 15:00:00,11717,2019,"(0.87, 0.40400001525878904)"
324186,RightFoot,OpenPlay,BlockedShot,0.040809981524944305,58,1,5,Teemu Pukki,7696,h,Norwich,Aston Villa,Todd Cantwell,2019-10-05 15:00:00,11717,2019,"(0.8590000152587891, 0.6990000152587891)"
324169,RightFoot,OpenPlay,BlockedShot,0.05308561027050018,26,1,5,Emiliano Buendía,2203,h,Norwich,Aston Villa,,2019-10-05 15:00:00,11717,2019,"(0.8319999694824218, 0.4779999923706055)"
324182,LeftFoot,OpenPlay,BlockedShot,0.09766539186239243,49,1,5,Emiliano Buendía,2203,h,Norwich,Aston Villa,Teemu Pukki,2019-10-05 15:00:00,11717,2019,"(0.9019999694824219, 0.5279999923706055)"
324155,LeftFoot,OpenPlay,SavedShot,0.12859970331192017,7,1,5,Marco Stiepermann,7694,h,Norwich,Aston Villa,,2019-10-05 15:00:00,11717,2019,"(0.855999984741211, 0.5220000076293946)"
324180,LeftFoot,OpenPlay,MissedShots,0.008027571253478527,47,1,5,Kenny McLean,7693,h,Norwich,Aston Villa,Emiliano Buendía,2019-10-05 15:00:00,11717,2019,"(0.7090000152587891, 0.6630000305175782)"
324171,RightFoot,OpenPlay,BlockedShot,0.1186247318983078,27,1,5,Teemu Pukki,7696,h,Norwich,Aston Villa,,2019-10-05 15:00:00,11717,2019,"(0.9619999694824218, 0.515)"
324170,RightFoot,OpenPlay,SavedShot,0.01665405184030533,27,1,5,Jamal Lewis,7691,h,Norwich,Aston Villa,,2019-10-05 15:00:00,11717,2019,"(0.7440000152587891, 0.5940000152587891)"
324189,RightFoot,FromCorner,MissedShots,0.03914869204163551,76,1,5,Ben Godfrey,7689,h,Norwich,Aston Villa,,2019-10-05 15:00:00,11717,2019,"(0.8180000305175781, 0.5379999923706055)"
324194,Head,FromCorner,MissedShots,0.37421488761901855,92,1,5,Ibrahim Amadou,3358,h,Norwich,Aston Villa,,2019-10-05 15:00:00,11717,2019,"(0.9690000152587891, 0.4420000076293945)"
324188,LeftFoot,OpenPlay,MissedShots,0.028711259365081787,63,1,5,Max Aarons,7688,h,Norwich,Aston Villa,Kenny McLean,2019-10-05 15:00:00,11717,2019,"(0.86, 0.25)"
324184,RightFoot,OpenPlay,MissedShots,0.028986629098653793,54,1,5,Max Aarons,7688,h,Norwich,Aston Villa,,2019-10-05 15:00:00,11717,2019,"(0.9290000152587891, 0.275)"
324192,RightFoot,OpenPlay,Goal,0.3284913897514343,87,1,5,Josip Drmic,209,h,Norwich,Aston Villa,,2019-10-05 15:00:00,11717,2019,"(0.919000015258789, 0.61)"
324183,LeftFoot,OpenPlay,SavedShot,0.03794407844543457,52,1,5,Todd Cantwell,7695,h,Norwich,Aston Villa,Teemu Pukki,2019-10-05 15:00:00,11717,2019,"(0.8919999694824219, 0.735999984741211)"
324174,RightFoot,OpenPlay,SavedShot,0.0569552481174469,35,1,5,Todd Cantwell,7695,h,Norwich,Aston Villa,Max Aarons,2019-10-05 15:00:00,11717,2019,"(0.805, 0.5179999923706055)"
324156,LeftFoot,OpenPlay,BlockedShot,0.07349104434251785,7,1,5,Marco Stiepermann,7694,h,Norwich,Aston Villa,Todd Cantwell,2019-10-05 15:00:00,11717,2019,"(0.855999984741211, 0.41200000762939454)"
324172,LeftFoot,OpenPlay,BlockedShot,0.15950162708759308,28,1,5,Marco Stiepermann,7694,h,Norwich,Aston Villa,Teemu Pukki,2019-10-05 15:00:00,11717,2019,"(0.9630000305175781, 0.5179999923706055)"
324161,RightFoot,OpenPlay,BlockedShot,0.06695157289505005,18,1,5,Todd Cantwell,7695,h,Norwich,Aston Villa,Emiliano Buendía,2019-10-05 15:00:00,11717,2019,"(0.8369999694824218, 0.4420000076293945)"
324179,RightFoot,OpenPlay,MissedShots,0.015064535662531853,44,1,5,Moritz Leitner,1217,h,Norwich,Aston Villa,Todd Cantwell,2019-10-05 15:00:00,11717,2019,"(0.7480000305175781, 0.634000015258789)"
324162,RightFoot,OpenPlay,BlockedShot,0.06801394373178482,18,1,5,Moritz Leitner,1217,h,Norwich,Aston Villa,Marco Stiepermann,2019-10-05 15:00:00,11717,2019,"(0.874000015258789, 0.5270000076293946)"
324163,RightFoot,FromCorner,MissedShots,0.03634469956159592,19,1,5,Todd Cantwell,7695,h,Norwich,Aston Villa,,2019-10-05 15:00:00,11717,2019,"(0.8119999694824219, 0.47299999237060547)"
325726,RightFoot,OpenPlay,MissedShots,0.012716051191091537,82,0,0,Tom Trybull,7692,a,Norwich,Bournemouth,Emiliano Buendía,2019-10-19 15:00:00,11724,2019,"(0.7040000152587891, 0.38799999237060545)"
325724,RightFoot,OpenPlay,MissedShots,0.028437772765755653,78,0,0,Teemu Pukki,7696,a,Norwich,Bournemouth,Kenny McLean,2019-10-19 15:00:00,11724,2019,"(0.8109999847412109, 0.6919999694824219)"
325716,Head,FromCorner,MissedShots,0.10158879309892654,55,0,0,Ibrahim Amadou,3358,a,Norwich,Bournemouth,Emiliano Buendía,2019-10-19 15:00:00,11724,2019,"(0.9319999694824219, 0.445)"
325711,Head,FromCorner,BlockedShot,0.05804140493273735,15,0,0,Kenny McLean,7693,a,Norwich,Bournemouth,Emiliano Buendía,2019-10-19 15:00:00,11724,2019,"(0.919000015258789, 0.575999984741211)"
325715,LeftFoot,OpenPlay,BlockedShot,0.01641884073615074,54,0,0,Kenny McLean,7693,a,Norwich,Bournemouth,Moritz Leitner,2019-10-19 15:00:00,11724,2019,"(0.7290000152587891, 0.5209999847412109)"
325718,LeftFoot,OpenPlay,BlockedShot,0.020119978114962578,61,0,0,Kenny McLean,7693,a,Norwich,Bournemouth,Teemu Pukki,2019-10-19 15:00:00,11724,2019,"(0.7630000305175781, 0.6020000076293945)"
325721,LeftFoot,OpenPlay,MissedShots,0.09360983967781067,70,0,0,Kenny McLean,7693,a,Norwich,Bournemouth,Todd Cantwell,2019-10-19 15:00:00,11724,2019,"(0.8630000305175781, 0.57)"
325719,RightFoot,OpenPlay,MissedShots,0.01742410846054554,64,0,0,Moritz Leitner,1217,a,Norwich,Bournemouth,Max Aarons,2019-10-19 15:00:00,11724,2019,"(0.8009999847412109, 0.2670000076293945)"
325720,RightFoot,OpenPlay,SavedShot,0.0343492366373539,65,0,0,Teemu Pukki,7696,a,Norwich,Bournemouth,Emiliano Buendía,2019-10-19 15:00:00,11724,2019,"(0.7880000305175782, 0.5840000152587891)"
325722,LeftFoot,OpenPlay,MissedShots,0.020167214795947075,71,0,0,Kenny McLean,7693,a,Norwich,Bournemouth,Moritz Leitner,2019-10-19 15:00:00,11724,2019,"(0.7530000305175781, 0.6359999847412109)"
328057,RightFoot,OpenPlay,SavedShot,0.03957498446106911,71,1,3,Onel Hernández,7697,h,Norwich,Manchester United,,2019-10-27 16:30:00,11739,2019,"(0.884000015258789, 0.6519999694824219)"
328049,RightFoot,OpenPlay,MissedShots,0.39892497658729553,46,1,3,Teemu Pukki,7696,h,Norwich,Manchester United,Max Aarons,2019-10-27 16:30:00,11739,2019,"(0.950999984741211, 0.41900001525878905)"
328061,RightFoot,OpenPlay,MissedShots,0.028936348855495453,90,1,3,Onel Hernández,7697,h,Norwich,Manchester United,,2019-10-27 16:30:00,11739,2019,"(0.8119999694824219, 0.624000015258789)"
328060,RightFoot,OpenPlay,Goal,0.07949580252170563,87,1,3,Onel Hernández,7697,h,Norwich,Manchester United,,2019-10-27 16:30:00,11739,2019,"(0.8780000305175781, 0.4379999923706055)"
328043,RightFoot,FromCorner,MissedShots,0.031289100646972656,38,1,3,Jamal Lewis,7691,h,Norwich,Manchester United,Todd Cantwell,2019-10-27 16:30:00,11739,2019,"(0.7830000305175782, 0.39099998474121095)"
328042,RightFoot,OpenPlay,SavedShot,0.025796720758080482,37,1,3,Todd Cantwell,7695,h,Norwich,Manchester United,Emiliano Buendía,2019-10-27 16:30:00,11739,2019,"(0.7680000305175781, 0.6179999923706054)"
328056,RightFoot,OpenPlay,BlockedShot,0.04928210377693176,71,1,3,Onel Hernández,7697,h,Norwich,Manchester United,Marco Stiepermann,2019-10-27 16:30:00,11739,2019,"(0.889000015258789, 0.700999984741211)"
328048,LeftFoot,OpenPlay,MissedShots,0.13468581438064575,46,1,3,Teemu Pukki,7696,h,Norwich,Manchester United,Emiliano Buendía,2019-10-27 16:30:00,11739,2019,"(0.9669999694824218, 0.41900001525878905)"
328033,RightFoot,OpenPlay,MissedShots,0.09348971396684647,4,1,3,Todd Cantwell,7695,h,Norwich,Manchester United,Max Aarons,2019-10-27 16:30:00,11739,2019,"(0.8530000305175781, 0.5540000152587891)"
328054,RightFoot,SetPiece,BlockedShot,0.012874910607933998,59,1,3,Onel Hernández,7697,h,Norwich,Manchester United,,2019-10-27 16:30:00,11739,2019,"(0.7390000152587891, 0.5159999847412109)"
329169,RightFoot,OpenPlay,BlockedShot,0.08390626311302185,3,0,2,Teemu Pukki,7696,a,Norwich,Brighton,Marco Stiepermann,2019-11-02 15:00:00,11746,2019,"(0.8669999694824219, 0.3820000076293945)"
329170,Head,FromCorner,MissedShots,0.053230829536914825,4,0,2,Tom Trybull,7692,a,Norwich,Brighton,Emiliano Buendía,2019-11-02 15:00:00,11746,2019,"(0.9, 0.455)"
329187,LeftFoot,FromCorner,BlockedShot,0.0851004421710968,71,0,2,Tom Trybull,7692,a,Norwich,Brighton,Teemu Pukki,2019-11-02 15:00:00,11746,2019,"(0.8819999694824219, 0.49599998474121093)"
329171,LeftFoot,OpenPlay,ShotOnPost,0.04516752436757088,10,0,2,Marco Stiepermann,7694,a,Norwich,Brighton,Emiliano Buendía,2019-11-02 15:00:00,11746,2019,"(0.825, 0.32599998474121095)"
329175,RightFoot,OpenPlay,BlockedShot,0.06551769375801086,31,0,2,Teemu Pukki,7696,a,Norwich,Brighton,Marco Stiepermann,2019-11-02 15:00:00,11746,2019,"(0.86, 0.6409999847412109)"
329186,LeftFoot,OpenPlay,MissedShots,0.06478632986545563,69,0,2,Emiliano Buendía,2203,a,Norwich,Brighton,Onel Hernández,2019-11-02 15:00:00,11746,2019,"(0.965999984741211, 0.6659999847412109)"
329190,RightFoot,DirectFreekick,MissedShots,0.0573730543255806,78,0,2,Emiliano Buendía,2203,a,Norwich,Brighton,,2019-11-02 15:00:00,11746,2019,"(0.7669999694824219, 0.33599998474121096)"
330355,RightFoot,OpenPlay,BlockedShot,0.010988656431436539,73,0,2,Max Aarons,7688,h,Norwich,Watford,Teemu Pukki,2019-11-08 20:00:00,11757,2019,"(0.730999984741211, 0.36700000762939455)"
330349,RightFoot,OpenPlay,SavedShot,0.04972530156373978,47,0,2,Teemu Pukki,7696,h,Norwich,Watford,Kenny McLean,2019-11-08 20:00:00,11757,2019,"(0.8819999694824219, 0.3270000076293945)"
330341,RightFoot,OpenPlay,MissedShots,0.06461130082607269,23,0,2,Onel Hernández,7697,h,Norwich,Watford,,2019-11-08 20:00:00,11757,2019,"(0.87, 0.5720000076293945)"
330354,LeftFoot,OpenPlay,SavedShot,0.02097322605550289,70,0,2,Kenny McLean,7693,h,Norwich,Watford,,2019-11-08 20:00:00,11757,2019,"(0.7469999694824219, 0.5)"
330338,RightFoot,OpenPlay,BlockedShot,0.0595320388674736,20,0,2,Teemu Pukki,7696,h,Norwich,Watford,,2019-11-08 20:00:00,11757,2019,"(0.805, 0.4640000152587891)"
330361,RightFoot,OpenPlay,MissedShots,0.013585451059043407,91,0,2,Ben Godfrey,7689,h,Norwich,Watford,Mario Vrancic,2019-11-08 20:00:00,11757,2019,"(0.7769999694824219, 0.7080000305175781)"
330353,LeftFoot,OpenPlay,SavedShot,0.02047054097056389,62,0,2,Jamal Lewis,7691,h,Norwich,Watford,Kenny McLean,2019-11-08 20:00:00,11757,2019,"(0.7819999694824219, 0.6969999694824218)"
330356,LeftFoot,FromCorner,MissedShots,0.02209884114563465,75,0,2,Jamal Lewis,7691,h,Norwich,Watford,Todd Cantwell,2019-11-08 20:00:00,11757,2019,"(0.845999984741211, 0.750999984741211)"
330359,RightFoot,OpenPlay,BlockedShot,0.010207206942141056,83,0,2,Tom Trybull,7692,h,Norwich,Watford,,2019-11-08 20:00:00,11757,2019,"(0.7380000305175781, 0.555)"
330358,RightFoot,OpenPlay,BlockedShot,0.008528534322977066,83,0,2,Tom Trybull,7692,h,Norwich,Watford,Teemu Pukki,2019-11-08 20:00:00,11757,2019,"(0.715, 0.6509999847412109)"
330348,RightFoot,FromCorner,SavedShot,0.021993789821863174,45,0,2,Teemu Pukki,7696,h,Norwich,Watford,,2019-11-08 20:00:00,11757,2019,"(0.7969999694824219, 0.6480000305175782)"
330340,RightFoot,OpenPlay,MissedShots,0.016651442274451256,23,0,2,Ben Godfrey,7689,h,Norwich,Watford,Marco Stiepermann,2019-11-08 20:00:00,11757,2019,"(0.725, 0.53)"
330352,RightFoot,FromCorner,MissedShots,0.052140407264232635,58,0,2,Teemu Pukki,7696,h,Norwich,Watford,,2019-11-08 20:00:00,11757,2019,"(0.8419999694824218, 0.5570000076293945)"
330345,Head,OpenPlay,SavedShot,0.04339823126792908,34,0,2,Kenny McLean,7693,h,Norwich,Watford,Onel Hernández,2019-11-08 20:00:00,11757,2019,"(0.9130000305175782, 0.6)"
330347,LeftFoot,OpenPlay,MissedShots,0.09064473956823349,37,0,2,Emiliano Buendía,2203,h,Norwich,Watford,Teemu Pukki,2019-11-08 20:00:00,11757,2019,"(0.8690000152587891, 0.5409999847412109)"
330360,LeftFoot,DirectFreekick,BlockedShot,0.057645224034786224,85,0,2,Mario Vrancic,12,h,Norwich,Watford,,2019-11-08 20:00:00,11757,2019,"(0.799000015258789, 0.27)"
330337,RightFoot,SetPiece,MissedShots,0.0579325370490551,18,0,2,Alexander Tettey,791,h,Norwich,Watford,,2019-11-08 20:00:00,11757,2019,"(0.965999984741211, 0.6569999694824219)"
332304,RightFoot,OpenPlay,BlockedShot,0.050233568996191025,70,2,0,Onel Hernández,7697,a,Norwich,Everton,,2019-11-23 15:00:00,11768,2019,"(0.860999984741211, 0.67)"
332290,RightFoot,OpenPlay,SavedShot,0.1182498037815094,28,2,0,Onel Hernández,7697,a,Norwich,Everton,Kenny McLean,2019-11-23 15:00:00,11768,2019,"(0.8680000305175781, 0.39)"
332283,LeftFoot,OpenPlay,SavedShot,0.037114355713129044,12,2,0,Onel Hernández,7697,a,Norwich,Everton,Max Aarons,2019-11-23 15:00:00,11768,2019,"(0.8640000152587891, 0.25799999237060545)"
332291,RightFoot,OpenPlay,BlockedShot,0.05172441154718399,40,2,0,Todd Cantwell,7695,a,Norwich,Everton,Onel Hernández,2019-11-23 15:00:00,11768,2019,"(0.9019999694824219, 0.35400001525878905)"
332294,LeftFoot,OpenPlay,BlockedShot,0.09346997737884521,47,2,0,Teemu Pukki,7696,a,Norwich,Everton,Todd Cantwell,2019-11-23 15:00:00,11768,2019,"(0.9169999694824219, 0.644000015258789)"
332299,LeftFoot,FromCorner,MissedShots,0.03797703981399536,62,2,0,Kenny McLean,7693,a,Norwich,Everton,Todd Cantwell,2019-11-23 15:00:00,11768,2019,"(0.9440000152587891, 0.7130000305175781)"
332311,LeftFoot,OpenPlay,Goal,0.4334107041358948,91,2,0,Dennis Srbeny,7822,a,Norwich,Everton,,2019-11-23 15:00:00,11768,2019,"(0.935, 0.4179999923706055)"
332293,RightFoot,OpenPlay,BlockedShot,0.07126715779304504,44,2,0,Sam Byram,902,a,Norwich,Everton,Onel Hernández,2019-11-23 15:00:00,11768,2019,"(0.8680000305175781, 0.6409999847412109)"
332303,RightFoot,OpenPlay,BlockedShot,0.07895328849554062,70,2,0,Sam Byram,902,a,Norwich,Everton,Kenny McLean,2019-11-23 15:00:00,11768,2019,"(0.8190000152587891, 0.4929999923706055)"
332282,Head,FromCorner,SavedShot,0.0749894306063652,10,2,0,Tom Trybull,7692,a,Norwich,Everton,Kenny McLean,2019-11-23 15:00:00,11768,2019,"(0.9069999694824219, 0.48700000762939455)"
332292,RightFoot,FromCorner,MissedShots,0.04122516140341759,40,2,0,Tom Trybull,7692,a,Norwich,Everton,Kenny McLean,2019-11-23 15:00:00,11768,2019,"(0.87, 0.4)"
332298,Head,SetPiece,MissedShots,0.3810882568359375,59,2,0,Sam Byram,902,a,Norwich,Everton,Kenny McLean,2019-11-23 15:00:00,11768,2019,"(0.935, 0.44)"
332297,RightFoot,OpenPlay,Goal,0.3427494764328003,54,2,0,Todd Cantwell,7695,a,Norwich,Everton,Teemu Pukki,2019-11-23 15:00:00,11768,2019,"(0.8919999694824219, 0.40200000762939453)"
334206,RightFoot,OpenPlay,Goal,0.0539834089577198,20,2,2,Teemu Pukki,7696,h,Norwich,Arsenal,Kenny McLean,2019-12-01 14:00:00,11781,2019,"(0.82, 0.5659999847412109)"
334215,RightFoot,OpenPlay,MissedShots,0.022925864905118942,60,2,2,Tom Trybull,7692,h,Norwich,Arsenal,Teemu Pukki,2019-12-01 14:00:00,11781,2019,"(0.759000015258789, 0.5379999923706055)"
334226,Head,OpenPlay,MissedShots,0.016620470210909843,90,2,2,Kenny McLean,7693,h,Norwich,Arsenal,Emiliano Buendía,2019-12-01 14:00:00,11781,2019,"(0.879000015258789, 0.3990000152587891)"
334214,LeftFoot,OpenPlay,SavedShot,0.07967251539230347,58,2,2,Kenny McLean,7693,h,Norwich,Arsenal,,2019-12-01 14:00:00,11781,2019,"(0.855, 0.54)"
334204,RightFoot,OpenPlay,SavedShot,0.02216513082385063,15,2,2,Kenny McLean,7693,h,Norwich,Arsenal,Onel Hernández,2019-12-01 14:00:00,11781,2019,"(0.7819999694824219, 0.6270000076293946)"
334219,RightFoot,OpenPlay,SavedShot,0.09517952054738998,62,2,2,Teemu Pukki,7696,h,Norwich,Arsenal,Todd Cantwell,2019-12-01 14:00:00,11781,2019,"(0.889000015258789, 0.345)"
334217,LeftFoot,OpenPlay,MissedShots,0.06929408758878708,61,2,2,Todd Cantwell,7695,h,Norwich,Arsenal,,2019-12-01 14:00:00,11781,2019,"(0.855, 0.4640000152587891)"
334209,RightFoot,OpenPlay,Goal,0.0765603631734848,46,2,2,Todd Cantwell,7695,h,Norwich,Arsenal,Onel Hernández,2019-12-01 14:00:00,11781,2019,"(0.875, 0.6370000076293946)"
334220,RightFoot,OpenPlay,BlockedShot,0.08642208576202393,71,2,2,Todd Cantwell,7695,h,Norwich,Arsenal,Tom Trybull,2019-12-01 14:00:00,11781,2019,"(0.9009999847412109, 0.5890000152587891)"
334223,RightFoot,OpenPlay,MissedShots,0.02951771765947342,85,2,2,Ibrahim Amadou,3358,h,Norwich,Arsenal,,2019-12-01 14:00:00,11781,2019,"(0.789000015258789, 0.36900001525878906)"
334225,LeftFoot,OpenPlay,SavedShot,0.08617451041936874,90,2,2,Max Aarons,7688,h,Norwich,Arsenal,Emiliano Buendía,2019-12-01 14:00:00,11781,2019,"(0.87, 0.40099998474121096)"
334224,RightFoot,OpenPlay,SavedShot,0.0613664835691452,87,2,2,Max Aarons,7688,h,Norwich,Arsenal,Emiliano Buendía,2019-12-01 14:00:00,11781,2019,"(0.9519999694824218, 0.3039999961853027)"
334216,RightFoot,OpenPlay,BlockedShot,0.050286222249269485,61,2,2,Max Aarons,7688,h,Norwich,Arsenal,Ibrahim Amadou,2019-12-01 14:00:00,11781,2019,"(0.885, 0.29700000762939455)"
334200,RightFoot,OpenPlay,MissedShots,0.015668591484427452,5,2,2,Ibrahim Amadou,3358,h,Norwich,Arsenal,Todd Cantwell,2019-12-01 14:00:00,11781,2019,"(0.730999984741211, 0.5690000152587891)"
334208,RightFoot,FromCorner,MissedShots,0.048243094235658646,39,2,2,Ibrahim Amadou,3358,h,Norwich,Arsenal,,2019-12-01 14:00:00,11781,2019,"(0.8669999694824219, 0.3679999923706055)"
335105,Head,OpenPlay,MissedShots,0.2415148764848709,90,1,2,Emiliano Buendía,2203,a,Norwich,Southampton,Max Aarons,2019-12-04 19:30:00,11790,2019,"(0.8919999694824219, 0.4779999923706055)"
335107,RightFoot,OpenPlay,MissedShots,0.06749159842729568,93,1,2,Sam Byram,902,a,Norwich,Southampton,,2019-12-04 19:30:00,11790,2019,"(0.9009999847412109, 0.6220000076293946)"
335097,RightFoot,OpenPlay,SavedShot,0.04642157629132271,57,1,2,Sam Byram,902,a,Norwich,Southampton,Marco Stiepermann,2019-12-04 19:30:00,11790,2019,"(0.855999984741211, 0.6630000305175782)"
335098,LeftFoot,OpenPlay,MissedShots,0.029093312099575996,59,1,2,Marco Stiepermann,7694,a,Norwich,Southampton,Teemu Pukki,2019-12-04 19:30:00,11790,2019,"(0.8169999694824219, 0.66)"
335104,RightFoot,OpenPlay,BlockedShot,0.054367512464523315,89,1,2,Teemu Pukki,7696,a,Norwich,Southampton,Onel Hernández,2019-12-04 19:30:00,11790,2019,"(0.81, 0.5509999847412109)"
335100,LeftFoot,OpenPlay,Goal,0.2981822192668915,64,1,2,Teemu Pukki,7696,a,Norwich,Southampton,Alexander Tettey,2019-12-04 19:30:00,11790,2019,"(0.9269999694824219, 0.6409999847412109)"
335095,RightFoot,OpenPlay,SavedShot,0.02022521384060383,45,1,2,Teemu Pukki,7696,a,Norwich,Southampton,Onel Hernández,2019-12-04 19:30:00,11790,2019,"(0.78, 0.37599998474121094)"
335106,RightFoot,OpenPlay,MissedShots,0.06878224015235901,92,1,2,Sam Byram,902,a,Norwich,Southampton,Onel Hernández,2019-12-04 19:30:00,11790,2019,"(0.8980000305175782, 0.6329999923706054)"
335084,RightFoot,OpenPlay,MissedShots,0.021871177479624748,14,1,2,Kenny McLean,7693,a,Norwich,Southampton,Todd Cantwell,2019-12-04 19:30:00,11790,2019,"(0.745999984741211, 0.63)"
335102,RightFoot,OpenPlay,BlockedShot,0.05333951860666275,75,1,2,Onel Hernández,7697,a,Norwich,Southampton,Max Aarons,2019-12-04 19:30:00,11790,2019,"(0.8569999694824219, 0.33599998474121096)"
336273,RightFoot,OpenPlay,MissedShots,0.022754700854420662,28,1,2,Onel Hernández,7697,h,Norwich,Sheffield United,,2019-12-08 14:00:00,11799,2019,"(0.8080000305175781, 0.7090000152587891)"
336269,RightFoot,OpenPlay,BlockedShot,0.015745311975479126,2,1,2,Emiliano Buendía,2203,h,Norwich,Sheffield United,Mario Vrancic,2019-12-08 14:00:00,11799,2019,"(0.7780000305175782, 0.2670000076293945)"
336291,LeftFoot,OpenPlay,MissedShots,0.019525177776813507,90,1,2,Alexander Tettey,791,h,Norwich,Sheffield United,Todd Cantwell,2019-12-08 14:00:00,11799,2019,"(0.745, 0.519000015258789)"
336272,LeftFoot,FromCorner,Goal,0.0452493317425251,26,1,2,Alexander Tettey,791,h,Norwich,Sheffield United,Christoph Zimmermann,2019-12-08 14:00:00,11799,2019,"(0.8669999694824219, 0.3870000076293945)"
336284,LeftFoot,OpenPlay,BlockedShot,0.016850434243679047,56,1,2,Mario Vrancic,12,h,Norwich,Sheffield United,Onel Hernández,2019-12-08 14:00:00,11799,2019,"(0.775, 0.7180000305175781)"
336285,RightFoot,FromCorner,BlockedShot,0.03927198424935341,56,1,2,Teemu Pukki,7696,h,Norwich,Sheffield United,Emiliano Buendía,2019-12-08 14:00:00,11799,2019,"(0.899000015258789, 0.3029999923706055)"
336274,RightFoot,OpenPlay,BlockedShot,0.06975354254245758,28,1,2,Teemu Pukki,7696,h,Norwich,Sheffield United,Emiliano Buendía,2019-12-08 14:00:00,11799,2019,"(0.914000015258789, 0.315)"
336280,RightFoot,OpenPlay,SavedShot,0.015821099281311035,46,1,2,Mario Vrancic,12,h,Norwich,Sheffield United,Onel Hernández,2019-12-08 14:00:00,11799,2019,"(0.7230000305175781, 0.62)"
336276,Head,FromCorner,SavedShot,0.06040376052260399,37,1,2,Ben Godfrey,7689,h,Norwich,Sheffield United,Mario Vrancic,2019-12-08 14:00:00,11799,2019,"(0.9309999847412109, 0.48400001525878905)"
336290,RightFoot,FromCorner,MissedShots,0.04873605817556381,82,1,2,Dennis Srbeny,7822,h,Norwich,Sheffield United,Emiliano Buendía,2019-12-08 14:00:00,11799,2019,"(0.915, 0.38299999237060545)"
336270,RightFoot,OpenPlay,BlockedShot,0.10239359736442566,13,1,2,Teemu Pukki,7696,h,Norwich,Sheffield United,Kenny McLean,2019-12-08 14:00:00,11799,2019,"(0.86, 0.46299999237060546)"
336286,Head,FromCorner,MissedShots,0.010273092426359653,57,1,2,Ben Godfrey,7689,h,Norwich,Sheffield United,Emiliano Buendía,2019-12-08 14:00:00,11799,2019,"(0.9019999694824219, 0.6509999847412109)"
336289,RightFoot,OpenPlay,SavedShot,0.07839250564575195,81,1,2,Todd Cantwell,7695,h,Norwich,Sheffield United,Emiliano Buendía,2019-12-08 14:00:00,11799,2019,"(0.8859999847412109, 0.605)"
336278,LeftFoot,OpenPlay,MissedShots,0.040633995085954666,39,1,2,Mario Vrancic,12,h,Norwich,Sheffield United,Teemu Pukki,2019-12-08 14:00:00,11799,2019,"(0.7859999847412109, 0.5929999923706055)"
337046,OtherBodyPart,FromCorner,OwnGoal,0.0,37,1,1,Tim Krul,982,a,Norwich,Leicester,,2019-12-14 15:00:00,11807,2019,"(0.022999999523162843, 0.5279999923706055)"
337061,RightFoot,OpenPlay,BlockedShot,0.06406509876251221,78,1,1,Teemu Pukki,7696,a,Norwich,Leicester,Emiliano Buendía,2019-12-14 15:00:00,11807,2019,"(0.919000015258789, 0.34700000762939454)"
337041,RightFoot,OpenPlay,MissedShots,0.6222357153892517,14,1,1,Teemu Pukki,7696,a,Norwich,Leicester,Max Aarons,2019-12-14 15:00:00,11807,2019,"(0.9569999694824218, 0.539000015258789)"
337044,RightFoot,OpenPlay,SavedShot,0.09261848777532578,34,1,1,Todd Cantwell,7695,a,Norwich,Leicester,Emiliano Buendía,2019-12-14 15:00:00,11807,2019,"(0.86, 0.3770000076293945)"
337054,RightFoot,DirectFreekick,MissedShots,0.05231011286377907,62,1,1,Emiliano Buendía,2203,a,Norwich,Leicester,,2019-12-14 15:00:00,11807,2019,"(0.730999984741211, 0.5)"
337063,RightFoot,OpenPlay,MissedShots,0.013435211032629013,88,1,1,Alexander Tettey,791,a,Norwich,Leicester,Emiliano Buendía,2019-12-14 15:00:00,11807,2019,"(0.705999984741211, 0.41900001525878905)"
337039,LeftFoot,FromCorner,BlockedShot,0.061439163982868195,10,1,1,Alexander Tettey,791,a,Norwich,Leicester,,2019-12-14 15:00:00,11807,2019,"(0.8869999694824219, 0.38)"
337062,Head,FromCorner,BlockedShot,0.05552321672439575,86,1,1,Christoph Zimmermann,7990,a,Norwich,Leicester,Emiliano Buendía,2019-12-14 15:00:00,11807,2019,"(0.9640000152587891, 0.40200000762939453)"
337065,LeftFoot,OpenPlay,SavedShot,0.05935836210846901,93,1,1,Marco Stiepermann,7694,a,Norwich,Leicester,Onel Hernández,2019-12-14 15:00:00,11807,2019,"(0.8180000305175781, 0.49400001525878906)"
337043,RightFoot,OpenPlay,Goal,0.12377944588661194,25,1,1,Teemu Pukki,7696,a,Norwich,Leicester,Emiliano Buendía,2019-12-14 15:00:00,11807,2019,"(0.875, 0.3920000076293945)"
337038,RightFoot,SetPiece,BlockedShot,0.019318947568535805,9,1,1,Alexander Tettey,791,a,Norwich,Leicester,Teemu Pukki,2019-12-14 15:00:00,11807,2019,"(0.7609999847412109, 0.5840000152587891)"
338657,LeftFoot,DirectFreekick,MissedShots,0.0729270949959755,62,1,2,Kenny McLean,7693,h,Norwich,Wolverhampton Wanderers,,2019-12-21 15:00:00,11819,2019,"(0.7919999694824219, 0.3340000152587891)"
338640,LeftFoot,OpenPlay,SavedShot,0.12366759032011032,5,1,2,Kenny McLean,7693,h,Norwich,Wolverhampton Wanderers,Emiliano Buendía,2019-12-21 15:00:00,11819,2019,"(0.8809999847412109, 0.629000015258789)"
338666,RightFoot,OpenPlay,SavedShot,0.031520288437604904,88,1,2,Teemu Pukki,7696,h,Norwich,Wolverhampton Wanderers,Emiliano Buendía,2019-12-21 15:00:00,11819,2019,"(0.784000015258789, 0.565)"
338652,RightFoot,OpenPlay,SavedShot,0.3369578421115875,42,1,2,Teemu Pukki,7696,h,Norwich,Wolverhampton Wanderers,Emiliano Buendía,2019-12-21 15:00:00,11819,2019,"(0.899000015258789, 0.34)"
338651,RightFoot,OpenPlay,MissedShots,0.0888146385550499,39,1,2,Teemu Pukki,7696,h,Norwich,Wolverhampton Wanderers,Emiliano Buendía,2019-12-21 15:00:00,11819,2019,"(0.8430000305175781, 0.4620000076293945)"
338645,RightFoot,OpenPlay,SavedShot,0.32652613520622253,23,1,2,Teemu Pukki,7696,h,Norwich,Wolverhampton Wanderers,Emiliano Buendía,2019-12-21 15:00:00,11819,2019,"(0.8830000305175781, 0.3729999923706055)"
338643,RightFoot,OpenPlay,Goal,0.0749441459774971,16,1,2,Todd Cantwell,7695,h,Norwich,Wolverhampton Wanderers,,2019-12-21 15:00:00,11819,2019,"(0.8569999694824219, 0.5170000076293946)"
338653,RightFoot,SetPiece,BlockedShot,0.027887012809515,55,1,2,Alexander Tettey,791,h,Norwich,Wolverhampton Wanderers,Emiliano Buendía,2019-12-21 15:00:00,11819,2019,"(0.8080000305175781, 0.3509999847412109)"
338641,RightFoot,OpenPlay,SavedShot,0.07174848020076752,6,1,2,Teemu Pukki,7696,h,Norwich,Wolverhampton Wanderers,Emiliano Buendía,2019-12-21 15:00:00,11819,2019,"(0.8780000305175781, 0.34799999237060547)"
338642,LeftFoot,OpenPlay,SavedShot,0.015262914821505547,12,1,2,Alexander Tettey,791,h,Norwich,Wolverhampton Wanderers,Emiliano Buendía,2019-12-21 15:00:00,11819,2019,"(0.765, 0.275)"
338654,LeftFoot,SetPiece,MissedShots,0.0335124135017395,58,1,2,Emiliano Buendía,2203,h,Norwich,Wolverhampton Wanderers,,2019-12-21 15:00:00,11819,2019,"(0.785, 0.3840000152587891)"
338650,Head,FromCorner,MissedShots,0.03657758608460426,38,1,2,Grant Hanley,7690,h,Norwich,Wolverhampton Wanderers,Emiliano Buendía,2019-12-21 15:00:00,11819,2019,"(0.925, 0.5540000152587891)"
338648,RightFoot,SetPiece,MissedShots,0.02500949054956436,32,1,2,Christoph Zimmermann,7990,h,Norwich,Wolverhampton Wanderers,,2019-12-21 15:00:00,11819,2019,"(0.875999984741211, 0.6320000076293946)"
339616,Head,FromCorner,MissedShots,0.04940098151564598,77,0,1,Sam Byram,902,a,Norwich,Aston Villa,Kenny McLean,2019-12-26 15:00:00,11823,2019,"(0.9619999694824218, 0.575999984741211)"
339621,RightFoot,OpenPlay,SavedShot,0.0888463705778122,85,0,1,Onel Hernández,7697,a,Norwich,Aston Villa,Sam Byram,2019-12-26 15:00:00,11823,2019,"(0.8980000305175782, 0.51)"
339619,LeftFoot,OpenPlay,BlockedShot,0.0673447772860527,83,0,1,Marco Stiepermann,7694,a,Norwich,Aston Villa,,2019-12-26 15:00:00,11823,2019,"(0.874000015258789, 0.43599998474121093)"
339612,Head,OpenPlay,MissedShots,0.3008766770362854,58,0,1,Sam Byram,902,a,Norwich,Aston Villa,Max Aarons,2019-12-26 15:00:00,11823,2019,"(0.9640000152587891, 0.5879999923706055)"
339601,RightFoot,OpenPlay,BlockedShot,0.08365263044834137,15,0,1,Teemu Pukki,7696,a,Norwich,Aston Villa,Emiliano Buendía,2019-12-26 15:00:00,11823,2019,"(0.8680000305175781, 0.46299999237060546)"
339622,Head,OpenPlay,BlockedShot,0.056470248848199844,88,0,1,Teemu Pukki,7696,a,Norwich,Aston Villa,Max Aarons,2019-12-26 15:00:00,11823,2019,"(0.8980000305175782, 0.42700000762939455)"
339604,Head,SetPiece,SavedShot,0.02239435724914074,21,0,1,Grant Hanley,7690,a,Norwich,Aston Villa,Emiliano Buendía,2019-12-26 15:00:00,11823,2019,"(0.8619999694824219, 0.345)"
339597,LeftFoot,OpenPlay,SavedShot,0.08285422623157501,6,0,1,Todd Cantwell,7695,a,Norwich,Aston Villa,Max Aarons,2019-12-26 15:00:00,11823,2019,"(0.8480000305175781, 0.41)"
339602,Head,FromCorner,ShotOnPost,0.3354854881763458,17,0,1,Sam Byram,902,a,Norwich,Aston Villa,Emiliano Buendía,2019-12-26 15:00:00,11823,2019,"(0.9230000305175782, 0.4809999847412109)"
339620,LeftFoot,OpenPlay,MissedShots,0.02041701041162014,83,0,1,Kenny McLean,7693,a,Norwich,Aston Villa,,2019-12-26 15:00:00,11823,2019,"(0.77, 0.69)"
339614,LeftFoot,OpenPlay,MissedShots,0.015618002973496914,69,0,1,Kenny McLean,7693,a,Norwich,Aston Villa,Emiliano Buendía,2019-12-26 15:00:00,11823,2019,"(0.715, 0.595999984741211)"
339610,Head,FromCorner,SavedShot,0.08023019134998322,50,0,1,Tom Trybull,7692,a,Norwich,Aston Villa,Emiliano Buendía,2019-12-26 15:00:00,11823,2019,"(0.9230000305175782, 0.4420000076293945)"
339609,RightFoot,FromCorner,BlockedShot,0.0825115516781807,49,0,1,Alexander Tettey,791,a,Norwich,Aston Villa,,2019-12-26 15:00:00,11823,2019,"(0.894000015258789, 0.575999984741211)"
339608,RightFoot,DirectFreekick,SavedShot,0.04954264312982559,43,0,1,Emiliano Buendía,2203,a,Norwich,Aston Villa,,2019-12-26 15:00:00,11823,2019,"(0.7290000152587891, 0.44299999237060544)"
339603,RightFoot,OpenPlay,MissedShots,0.044553130865097046,19,0,1,Emiliano Buendía,2203,a,Norwich,Aston Villa,,2019-12-26 15:00:00,11823,2019,"(0.840999984741211, 0.3270000076293945)"
339605,RightFoot,OpenPlay,BlockedShot,0.07122709602117538,31,0,1,Sam Byram,902,a,Norwich,Aston Villa,,2019-12-26 15:00:00,11823,2019,"(0.85, 0.5070000076293946)"
339838,LeftFoot,OpenPlay,SavedShot,0.0814853385090828,9,2,2,Marco Stiepermann,7694,h,Norwich,Tottenham,,2019-12-28 17:30:00,11839,2019,"(0.88, 0.3940000152587891)"
339844,RightFoot,OpenPlay,MissedShots,0.04690750315785408,27,2,2,Onel Hernández,7697,h,Norwich,Tottenham,Mario Vrancic,2019-12-28 17:30:00,11839,2019,"(0.8230000305175781, 0.6480000305175782)"
339843,RightFoot,OpenPlay,Goal,0.06343495100736618,17,2,2,Mario Vrancic,12,h,Norwich,Tottenham,Emiliano Buendía,2019-12-28 17:30:00,11839,2019,"(0.825, 0.5020000076293946)"
339837,LeftFoot,OpenPlay,MissedShots,0.017968185245990753,7,2,2,Jamal Lewis,7691,h,Norwich,Tottenham,Alexander Tettey,2019-12-28 17:30:00,11839,2019,"(0.730999984741211, 0.5879999923706055)"
339845,Head,FromCorner,MissedShots,0.05825614556670189,31,2,2,Grant Hanley,7690,h,Norwich,Tottenham,Emiliano Buendía,2019-12-28 17:30:00,11839,2019,"(0.9209999847412109, 0.4209999847412109)"
351554,RightFoot,OpenPlay,MissedShots,0.06535278260707855,45,1,1,Max Aarons,7688,h,Norwich,Crystal Palace,Mario Vrancic,2020-01-01 17:30:00,11850,2019,"(0.9219999694824219, 0.29700000762939455)"
351558,RightFoot,OpenPlay,BlockedShot,0.06785771250724792,60,1,1,Alexander Tettey,791,h,Norwich,Crystal Palace,Todd Cantwell,2020-01-01 17:30:00,11850,2019,"(0.8119999694824219, 0.475)"
351550,RightFoot,OpenPlay,MissedShots,0.022616326808929443,38,1,1,Max Aarons,7688,h,Norwich,Crystal Palace,,2020-01-01 17:30:00,11850,2019,"(0.785, 0.26600000381469724)"
351551,RightFoot,OpenPlay,MissedShots,0.0715874508023262,39,1,1,Todd Cantwell,7695,h,Norwich,Crystal Palace,Sam Byram,2020-01-01 17:30:00,11850,2019,"(0.8909999847412109, 0.68)"
351552,RightFoot,OpenPlay,SavedShot,0.07367654889822006,40,1,1,Todd Cantwell,7695,h,Norwich,Crystal Palace,Max Aarons,2020-01-01 17:30:00,11850,2019,"(0.8569999694824219, 0.5459999847412109)"
351557,RightFoot,OpenPlay,BlockedShot,0.06615594029426575,60,1,1,Todd Cantwell,7695,h,Norwich,Crystal Palace,Emiliano Buendía,2020-01-01 17:30:00,11850,2019,"(0.884000015258789, 0.6730000305175782)"
351560,LeftFoot,FromCorner,MissedShots,0.3276979923248291,61,1,1,Mario Vrancic,12,h,Norwich,Crystal Palace,Kenny McLean,2020-01-01 17:30:00,11850,2019,"(0.9830000305175781, 0.5940000152587891)"
351548,Head,SetPiece,MissedShots,0.0691784992814064,36,1,1,Grant Hanley,7690,h,Norwich,Crystal Palace,Emiliano Buendía,2020-01-01 17:30:00,11850,2019,"(0.9309999847412109, 0.519000015258789)"
351544,RightFoot,OpenPlay,Goal,0.5268158912658691,3,1,1,Todd Cantwell,7695,h,Norwich,Crystal Palace,Emiliano Buendía,2020-01-01 17:30:00,11850,2019,"(0.9319999694824219, 0.47200000762939454)"
351559,Head,FromCorner,MissedShots,0.0644538402557373,61,1,1,Kenny McLean,7693,h,Norwich,Crystal Palace,Emiliano Buendía,2020-01-01 17:30:00,11850,2019,"(0.9169999694824219, 0.43400001525878906)"
351562,RightFoot,OpenPlay,ShotOnPost,0.07687827199697495,72,1,1,Kenny McLean,7693,h,Norwich,Crystal Palace,Max Aarons,2020-01-01 17:30:00,11850,2019,"(0.919000015258789, 0.3629999923706055)"
351553,LeftFoot,OpenPlay,BlockedShot,0.13157929480075836,44,1,1,Teemu Pukki,7696,h,Norwich,Crystal Palace,Emiliano Buendía,2020-01-01 17:30:00,11850,2019,"(0.914000015258789, 0.6359999847412109)"
351555,RightFoot,DirectFreekick,SavedShot,0.045727863907814026,53,1,1,Emiliano Buendía,2203,h,Norwich,Crystal Palace,,2020-01-01 17:30:00,11850,2019,"(0.730999984741211, 0.6179999923706054)"
351543,LeftFoot,OpenPlay,MissedShots,0.07536529749631882,3,1,1,Emiliano Buendía,2203,h,Norwich,Crystal Palace,,2020-01-01 17:30:00,11850,2019,"(0.865999984741211, 0.4520000076293945)"
351546,RightFoot,OpenPlay,SavedShot,0.0404212661087513,25,1,1,Emiliano Buendía,2203,h,Norwich,Crystal Palace,,2020-01-01 17:30:00,11850,2019,"(0.769000015258789, 0.46099998474121096)"
351694,RightFoot,DirectFreekick,MissedShots,0.05835375934839249,82,0,4,Emiliano Buendía,2203,a,Norwich,Manchester United,,2020-01-11 15:00:00,11862,2019,"(0.7440000152587891, 0.4420000076293945)"
351695,RightFoot,FromCorner,BlockedShot,0.01906249113380909,85,0,4,Todd Cantwell,7695,a,Norwich,Manchester United,,2020-01-11 15:00:00,11862,2019,"(0.77, 0.4159999847412109)"
351686,RightFoot,OpenPlay,SavedShot,0.06325612962245941,43,0,4,Todd Cantwell,7695,a,Norwich,Manchester United,Emiliano Buendía,2020-01-11 15:00:00,11862,2019,"(0.8809999847412109, 0.669000015258789)"
351697,LeftFoot,FromCorner,SavedShot,0.023516925051808357,86,0,4,Ibrahim Amadou,3358,a,Norwich,Manchester United,Sam Byram,2020-01-11 15:00:00,11862,2019,"(0.7669999694824219, 0.44)"
351698,RightFoot,OpenPlay,BlockedShot,0.02862708456814289,89,0,4,Onel Hernández,7697,a,Norwich,Manchester United,Alexander Tettey,2020-01-11 15:00:00,11862,2019,"(0.7980000305175782, 0.6569999694824219)"
351691,RightFoot,OpenPlay,MissedShots,0.008545822463929653,55,0,4,Alexander Tettey,791,a,Norwich,Manchester United,,2020-01-11 15:00:00,11862,2019,"(0.7380000305175781, 0.33299999237060546)"
351696,RightFoot,OpenPlay,SavedShot,0.015378198586404324,85,0,4,Christoph Zimmermann,7990,a,Norwich,Manchester United,,2020-01-11 15:00:00,11862,2019,"(0.73, 0.53)"
351690,LeftFoot,OpenPlay,BlockedShot,0.05975772812962532,55,0,4,Mario Vrancic,12,a,Norwich,Manchester United,Emiliano Buendía,2020-01-11 15:00:00,11862,2019,"(0.8119999694824219, 0.455)"
351959,RightFoot,FromCorner,BlockedShot,0.01394673902541399,6,1,0,Ondrej Duda,5240,h,Norwich,Bournemouth,,2020-01-18 15:00:00,11869,2019,"(0.779000015258789, 0.3370000076293945)"
351965,RightFoot,OpenPlay,BlockedShot,0.014498373493552208,30,1,0,Ondrej Duda,5240,h,Norwich,Bournemouth,,2020-01-18 15:00:00,11869,2019,"(0.779000015258789, 0.27700000762939453)"
351972,RightFoot,OpenPlay,BlockedShot,0.05873763933777809,65,1,0,Todd Cantwell,7695,h,Norwich,Bournemouth,Emiliano Buendía,2020-01-18 15:00:00,11869,2019,"(0.8969999694824219, 0.6840000152587891)"
351971,RightFoot,OpenPlay,BlockedShot,0.03698975592851639,64,1,0,Todd Cantwell,7695,h,Norwich,Bournemouth,Sam Byram,2020-01-18 15:00:00,11869,2019,"(0.795, 0.6669999694824219)"
351979,RightFoot,DirectFreekick,MissedShots,0.052237190306186676,85,1,0,Emiliano Buendía,2203,h,Norwich,Bournemouth,,2020-01-18 15:00:00,11869,2019,"(0.7580000305175781, 0.6659999847412109)"
351962,LeftFoot,OpenPlay,BlockedShot,0.011787107214331627,12,1,0,Kenny McLean,7693,h,Norwich,Bournemouth,,2020-01-18 15:00:00,11869,2019,"(0.7169999694824218, 0.5590000152587891)"
351974,RightFoot,OpenPlay,SavedShot,0.10658568888902664,71,1,0,Ondrej Duda,5240,h,Norwich,Bournemouth,Todd Cantwell,2020-01-18 15:00:00,11869,2019,"(0.8719999694824219, 0.46799999237060547)"
351966,RightFoot,Penalty,Goal,0.7611688375473022,32,1,0,Teemu Pukki,7696,h,Norwich,Bournemouth,,2020-01-18 15:00:00,11869,2019,"(0.885, 0.5)"
351973,RightFoot,OpenPlay,SavedShot,0.3651469945907593,68,1,0,Teemu Pukki,7696,h,Norwich,Bournemouth,Emiliano Buendía,2020-01-18 15:00:00,11869,2019,"(0.8719999694824219, 0.59)"
351961,RightFoot,OpenPlay,BlockedShot,0.04803740605711937,12,1,0,Teemu Pukki,7696,h,Norwich,Bournemouth,Emiliano Buendía,2020-01-18 15:00:00,11869,2019,"(0.8219999694824218, 0.615)"
351968,RightFoot,OpenPlay,MissedShots,0.030507147312164307,46,1,0,Emiliano Buendía,2203,h,Norwich,Bournemouth,Kenny McLean,2020-01-18 15:00:00,11869,2019,"(0.750999984741211, 0.5479999923706055)"
351969,LeftFoot,OpenPlay,BlockedShot,0.0663323700428009,56,1,0,Emiliano Buendía,2203,h,Norwich,Bournemouth,Teemu Pukki,2020-01-18 15:00:00,11869,2019,"(0.855, 0.37900001525878907)"
351975,RightFoot,OpenPlay,SavedShot,0.10743517428636551,73,1,0,Emiliano Buendía,2203,h,Norwich,Bournemouth,Alexander Tettey,2020-01-18 15:00:00,11869,2019,"(0.9069999694824219, 0.3920000076293945)"
351964,RightFoot,OpenPlay,MissedShots,0.015147584490478039,26,1,0,Alexander Tettey,791,h,Norwich,Bournemouth,Emiliano Buendía,2020-01-18 15:00:00,11869,2019,"(0.735999984741211, 0.4759999847412109)"
351967,RightFoot,OpenPlay,MissedShots,0.019197238609194756,42,1,0,Alexander Tettey,791,h,Norwich,Bournemouth,Ondrej Duda,2020-01-18 15:00:00,11869,2019,"(0.725, 0.4209999847412109)"
351963,Head,OpenPlay,MissedShots,0.05327153578400612,15,1,0,Emiliano Buendía,2203,h,Norwich,Bournemouth,Max Aarons,2020-01-18 15:00:00,11869,2019,"(0.9169999694824219, 0.54)"
352280,RightFoot,SetPiece,MissedShots,0.07285241782665253,39,1,2,Christoph Zimmermann,7990,a,Norwich,Tottenham,Ondrej Duda,2020-01-22 19:30:00,11880,2019,"(0.8919999694824219, 0.5409999847412109)"
352292,RightFoot,OpenPlay,BlockedShot,0.047359220683574677,82,1,2,Lukas Rupp,62,a,Norwich,Tottenham,Teemu Pukki,2020-01-22 19:30:00,11880,2019,"(0.8569999694824219, 0.37099998474121093)"
352289,RightFoot,OpenPlay,MissedShots,0.039428774267435074,77,1,2,Todd Cantwell,7695,a,Norwich,Tottenham,,2020-01-22 19:30:00,11880,2019,"(0.7980000305175782, 0.5629999923706055)"
352286,LeftFoot,OpenPlay,BlockedShot,0.11181481927633286,52,1,2,Todd Cantwell,7695,a,Norwich,Tottenham,Sam Byram,2020-01-22 19:30:00,11880,2019,"(0.9169999694824219, 0.5920000076293945)"
352283,RightFoot,OpenPlay,BlockedShot,0.058188296854496,51,1,2,Todd Cantwell,7695,a,Norwich,Tottenham,Lukas Rupp,2020-01-22 19:30:00,11880,2019,"(0.850999984741211, 0.3729999923706055)"
352275,RightFoot,FromCorner,MissedShots,0.022862721234560013,28,1,2,Todd Cantwell,7695,a,Norwich,Tottenham,Teemu Pukki,2020-01-22 19:30:00,11880,2019,"(0.7469999694824219, 0.34599998474121096)"
352288,RightFoot,Penalty,Goal,0.7611688375473022,69,1,2,Teemu Pukki,7696,a,Norwich,Tottenham,,2020-01-22 19:30:00,11880,2019,"(0.885, 0.5)"
352284,Head,FromCorner,BlockedShot,0.06882623583078384,51,1,2,Grant Hanley,7690,a,Norwich,Tottenham,Ondrej Duda,2020-01-22 19:30:00,11880,2019,"(0.9119999694824219, 0.4490000152587891)"
352285,RightFoot,FromCorner,MissedShots,0.03776523843407631,52,1,2,Teemu Pukki,7696,a,Norwich,Tottenham,Alexander Tettey,2020-01-22 19:30:00,11880,2019,"(0.8159999847412109, 0.5220000076293946)"
352277,LeftFoot,OpenPlay,MissedShots,0.029337937012314796,31,1,2,Teemu Pukki,7696,a,Norwich,Tottenham,Sam Byram,2020-01-22 19:30:00,11880,2019,"(0.79, 0.639000015258789)"
352272,RightFoot,OpenPlay,MissedShots,0.1022755578160286,15,1,2,Teemu Pukki,7696,a,Norwich,Tottenham,Todd Cantwell,2020-01-22 19:30:00,11880,2019,"(0.8540000152587891, 0.5329999923706055)"
352287,LeftFoot,OpenPlay,SavedShot,0.02097891829907894,53,1,2,Alexander Tettey,791,a,Norwich,Tottenham,Ondrej Duda,2020-01-22 19:30:00,11880,2019,"(0.7480000305175781, 0.4370000076293945)"
352281,RightFoot,OpenPlay,MissedShots,0.05185706168413162,44,1,2,Lukas Rupp,62,a,Norwich,Tottenham,Teemu Pukki,2020-01-22 19:30:00,11880,2019,"(0.8480000305175781, 0.3770000076293945)"
352393,RightFoot,FromCorner,MissedShots,0.015850547701120377,16,0,0,Christoph Zimmermann,7990,a,Norwich,Newcastle United,,2020-02-01 15:00:00,11889,2019,"(0.789000015258789, 0.59)"
352423,RightFoot,SetPiece,MissedShots,0.07318731397390366,85,0,0,Christoph Zimmermann,7990,a,Norwich,Newcastle United,,2020-02-01 15:00:00,11889,2019,"(0.875, 0.5590000152587891)"
352397,RightFoot,OpenPlay,BlockedShot,0.0823453813791275,28,0,0,Teemu Pukki,7696,a,Norwich,Newcastle United,Lukas Rupp,2020-02-01 15:00:00,11889,2019,"(0.855, 0.40599998474121096)"
352398,RightFoot,OpenPlay,SavedShot,0.7414717674255371,28,0,0,Lukas Rupp,62,a,Norwich,Newcastle United,Max Aarons,2020-02-01 15:00:00,11889,2019,"(0.97, 0.4640000152587891)"
352419,RightFoot,OpenPlay,SavedShot,0.3396153151988983,71,0,0,Teemu Pukki,7696,a,Norwich,Newcastle United,Ondrej Duda,2020-02-01 15:00:00,11889,2019,"(0.9069999694824219, 0.625)"
352413,LeftFoot,OpenPlay,MissedShots,0.12604552507400513,60,0,0,Teemu Pukki,7696,a,Norwich,Newcastle United,Lukas Rupp,2020-02-01 15:00:00,11889,2019,"(0.8969999694824219, 0.6220000076293946)"
352392,LeftFoot,OpenPlay,SavedShot,0.033423032611608505,16,0,0,Teemu Pukki,7696,a,Norwich,Newcastle United,,2020-02-01 15:00:00,11889,2019,"(0.7859999847412109, 0.5690000152587891)"
352406,RightFoot,OpenPlay,BlockedShot,0.05474044382572174,49,0,0,Teemu Pukki,7696,a,Norwich,Newcastle United,Todd Cantwell,2020-02-01 15:00:00,11889,2019,"(0.835, 0.6430000305175781)"
352401,RightFoot,OpenPlay,BlockedShot,0.027966996654868126,35,0,0,Ondrej Duda,5240,a,Norwich,Newcastle United,Todd Cantwell,2020-02-01 15:00:00,11889,2019,"(0.7709999847412109, 0.59)"
352410,RightFoot,OpenPlay,BlockedShot,0.049436867237091064,57,0,0,Max Aarons,7688,a,Norwich,Newcastle United,Kenny McLean,2020-02-01 15:00:00,11889,2019,"(0.889000015258789, 0.28899999618530275)"
352391,Head,FromCorner,SavedShot,0.46433529257774353,4,0,0,Sam Byram,902,a,Norwich,Newcastle United,Ondrej Duda,2020-02-01 15:00:00,11889,2019,"(0.9530000305175781, 0.5320000076293945)"
352402,RightFoot,FromCorner,BlockedShot,0.02287985570728779,35,0,0,Sam Byram,902,a,Norwich,Newcastle United,,2020-02-01 15:00:00,11889,2019,"(0.845999984741211, 0.5870000076293945)"
352403,Head,FromCorner,MissedShots,0.09623873233795166,39,0,0,Sam Byram,902,a,Norwich,Newcastle United,Ondrej Duda,2020-02-01 15:00:00,11889,2019,"(0.9169999694824219, 0.5029999923706054)"
352400,RightFoot,OpenPlay,BlockedShot,0.01727825216948986,31,0,0,Alexander Tettey,791,a,Norwich,Newcastle United,,2020-02-01 15:00:00,11889,2019,"(0.7469999694824219, 0.43099998474121093)"
352420,LeftFoot,OpenPlay,MissedShots,0.06371378153562546,72,0,0,Ondrej Duda,5240,a,Norwich,Newcastle United,,2020-02-01 15:00:00,11889,2019,"(0.9490000152587891, 0.6509999847412109)"
352396,LeftFoot,OpenPlay,MissedShots,0.022656243294477463,26,0,0,Alexander Tettey,791,a,Norwich,Newcastle United,,2020-02-01 15:00:00,11889,2019,"(0.7559999847412109, 0.495)"
352411,Head,FromCorner,MissedShots,0.09775004535913467,57,0,0,Sam Byram,902,a,Norwich,Newcastle United,Ondrej Duda,2020-02-01 15:00:00,11889,2019,"(0.92, 0.5209999847412109)"
352416,LeftFoot,OpenPlay,MissedShots,0.013901252299547195,65,0,0,Kenny McLean,7693,a,Norwich,Newcastle United,Max Aarons,2020-02-01 15:00:00,11889,2019,"(0.710999984741211, 0.445)"
352407,Head,FromCorner,MissedShots,0.07864689081907272,53,0,0,Kenny McLean,7693,a,Norwich,Newcastle United,Ondrej Duda,2020-02-01 15:00:00,11889,2019,"(0.9630000305175781, 0.45)"
352768,RightFoot,OpenPlay,MissedShots,0.05161141976714134,51,0,1,Todd Cantwell,7695,h,Norwich,Liverpool,Lukas Rupp,2020-02-15 17:30:00,11899,2019,"(0.9540000152587891, 0.28899999618530275)"
352775,RightFoot,OpenPlay,ShotOnPost,0.02092643454670906,71,0,1,Alexander Tettey,791,h,Norwich,Liverpool,Todd Cantwell,2020-02-15 17:30:00,11899,2019,"(0.8690000152587891, 0.20100000381469726)"
352780,RightFoot,OpenPlay,SavedShot,0.10447901487350464,88,0,1,Teemu Pukki,7696,h,Norwich,Liverpool,Emiliano Buendía,2020-02-15 17:30:00,11899,2019,"(0.8119999694824219, 0.3920000076293945)"
352776,Head,FromCorner,MissedShots,0.053406137973070145,73,0,1,Grant Hanley,7690,h,Norwich,Liverpool,Ondrej Duda,2020-02-15 17:30:00,11899,2019,"(0.9330000305175781, 0.45799999237060546)"
352777,LeftFoot,OpenPlay,BlockedShot,0.15307191014289856,74,0,1,Jamal Lewis,7691,h,Norwich,Liverpool,Todd Cantwell,2020-02-15 17:30:00,11899,2019,"(0.845, 0.635)"
353085,LeftFoot,OpenPlay,SavedShot,0.01933567225933075,10,0,3,Kenny McLean,7693,a,Norwich,Wolverhampton Wanderers,Teemu Pukki,2020-02-23 14:00:00,11912,2019,"(0.8030000305175782, 0.2929999923706055)"
353086,RightFoot,OpenPlay,BlockedShot,0.017772918567061424,16,0,3,Alexander Tettey,791,a,Norwich,Wolverhampton Wanderers,Ondrej Duda,2020-02-23 14:00:00,11912,2019,"(0.740999984741211, 0.4)"
353084,RightFoot,OpenPlay,SavedShot,0.1388794183731079,6,0,3,Teemu Pukki,7696,a,Norwich,Wolverhampton Wanderers,Kenny McLean,2020-02-23 14:00:00,11912,2019,"(0.9619999694824218, 0.580999984741211)"
353103,RightFoot,OpenPlay,MissedShots,0.08253630995750427,65,0,3,Teemu Pukki,7696,a,Norwich,Wolverhampton Wanderers,Josip Drmic,2020-02-23 14:00:00,11912,2019,"(0.8230000305175781, 0.3509999847412109)"
353107,Head,OpenPlay,SavedShot,0.02112419530749321,91,0,3,Ben Godfrey,7689,a,Norwich,Wolverhampton Wanderers,Emiliano Buendía,2020-02-23 14:00:00,11912,2019,"(0.885, 0.39)"
353100,RightFoot,OpenPlay,SavedShot,0.0809972733259201,54,0,3,Max Aarons,7688,a,Norwich,Wolverhampton Wanderers,Todd Cantwell,2020-02-23 14:00:00,11912,2019,"(0.9359999847412109, 0.34)"
353183,RightFoot,OpenPlay,BlockedShot,0.017503859475255013,44,1,0,Alexander Tettey,791,h,Norwich,Leicester,,2020-02-28 20:00:00,11919,2019,"(0.7559999847412109, 0.34200000762939453)"
353172,RightFoot,OpenPlay,BlockedShot,0.09006695449352264,20,1,0,Teemu Pukki,7696,h,Norwich,Leicester,Ondrej Duda,2020-02-28 20:00:00,11919,2019,"(0.8880000305175781, 0.3659999847412109)"
353181,RightFoot,OpenPlay,MissedShots,0.06481344997882843,40,1,0,Teemu Pukki,7696,h,Norwich,Leicester,Todd Cantwell,2020-02-28 20:00:00,11919,2019,"(0.8209999847412109, 0.4640000152587891)"
353186,RightFoot,OpenPlay,SavedShot,0.02201884612441063,60,1,0,Ondrej Duda,5240,h,Norwich,Leicester,Todd Cantwell,2020-02-28 20:00:00,11919,2019,"(0.7819999694824219, 0.3120000076293945)"
353188,RightFoot,OpenPlay,SavedShot,0.11111824214458466,65,1,0,Ondrej Duda,5240,h,Norwich,Leicester,Emiliano Buendía,2020-02-28 20:00:00,11919,2019,"(0.8690000152587891, 0.5320000076293945)"
353189,RightFoot,DirectFreekick,BlockedShot,0.06838678568601608,67,1,0,Ondrej Duda,5240,h,Norwich,Leicester,,2020-02-28 20:00:00,11919,2019,"(0.7569999694824219, 0.5520000076293945)"
353169,Head,FromCorner,SavedShot,0.051526978611946106,8,1,0,Ben Godfrey,7689,h,Norwich,Leicester,Ondrej Duda,2020-02-28 20:00:00,11919,2019,"(0.895, 0.55)"
353170,RightFoot,DirectFreekick,BlockedShot,0.044072866439819336,11,1,0,Emiliano Buendía,2203,h,Norwich,Leicester,,2020-02-28 20:00:00,11919,2019,"(0.7340000152587891, 0.6459999847412109)"
353190,LeftFoot,OpenPlay,Goal,0.021565953269600868,69,1,0,Jamal Lewis,7691,h,Norwich,Leicester,Max Aarons,2020-02-28 20:00:00,11919,2019,"(0.8830000305175781, 0.74)"
353195,LeftFoot,OpenPlay,SavedShot,0.0782746970653534,89,1,0,Josip Drmic,209,h,Norwich,Leicester,Lukas Rupp,2020-02-28 20:00:00,11919,2019,"(0.8880000305175781, 0.33)"
353196,Head,SetPiece,SavedShot,0.022367142140865326,94,1,0,Josip Drmic,209,h,Norwich,Leicester,,2020-02-28 20:00:00,11919,2019,"(0.9619999694824218, 0.615999984741211)"
353436,Head,FromCorner,MissedShots,0.03012659400701523,12,0,1,Teemu Pukki,7696,a,Norwich,Sheffield United,Ondrej Duda,2020-03-07 15:00:00,11929,2019,"(0.9290000152587891, 0.43099998474121093)"
353438,RightFoot,OpenPlay,BlockedShot,0.030744271352887154,29,0,1,Teemu Pukki,7696,a,Norwich,Sheffield United,Emiliano Buendía,2020-03-07 15:00:00,11929,2019,"(0.7859999847412109, 0.39)"
353454,LeftFoot,OpenPlay,SavedShot,0.028143499046564102,84,0,1,Jamal Lewis,7691,a,Norwich,Sheffield United,,2020-03-07 15:00:00,11929,2019,"(0.935, 0.6480000305175782)"
353446,Head,OpenPlay,MissedShots,0.05433953180909157,51,0,1,Josip Drmic,209,a,Norwich,Sheffield United,Max Aarons,2020-03-07 15:00:00,11929,2019,"(0.8869999694824219, 0.5309999847412109)"
353435,RightFoot,OpenPlay,BlockedShot,0.017221681773662567,12,0,1,Emiliano Buendía,2203,a,Norwich,Sheffield United,Ondrej Duda,2020-03-07 15:00:00,11929,2019,"(0.7340000152587891, 0.35700000762939454)"
353450,Head,FromCorner,SavedShot,0.09688767790794373,77,0,1,Ben Godfrey,7689,a,Norwich,Sheffield United,Emiliano Buendía,2020-03-07 15:00:00,11929,2019,"(0.92, 0.47400001525878904)"
353449,RightFoot,OpenPlay,BlockedShot,0.009341919794678688,66,0,1,Josip Drmic,209,a,Norwich,Sheffield United,Teemu Pukki,2020-03-07 15:00:00,11929,2019,"(0.6819999694824219, 0.39)"
353451,RightFoot,FromCorner,SavedShot,0.21222665905952454,77,0,1,Mario Vrancic,12,a,Norwich,Sheffield United,,2020-03-07 15:00:00,11929,2019,"(0.9869999694824219, 0.47)"
353437,RightFoot,FromCorner,ShotOnPost,0.570221483707428,12,0,1,Teemu Pukki,7696,a,Norwich,Sheffield United,,2020-03-07 15:00:00,11929,2019,"(0.9719999694824218, 0.4370000076293945)"
353452,RightFoot,FromCorner,SavedShot,0.730141818523407,77,0,1,Josip Drmic,209,a,Norwich,Sheffield United,Mario Vrancic,2020-03-07 15:00:00,11929,2019,"(0.9690000152587891, 0.49)"
353453,LeftFoot,FromCorner,BlockedShot,0.9387010335922241,77,0,1,Josip Drmic,209,a,Norwich,Sheffield United,,2020-03-07 15:00:00,11929,2019,"(0.985999984741211, 0.505)"
353455,RightFoot,SetPiece,MissedShots,0.008527116850018501,93,0,1,Emiliano Buendía,2203,a,Norwich,Sheffield United,,2020-03-07 15:00:00,11929,2019,"(0.6819999694824219, 0.5120000076293946)"
365048,RightFoot,OpenPlay,MissedShots,0.07399872690439224,80,0,3,Adam Idah,8021,h,Norwich,Southampton,Jamal Lewis,2020-06-19 17:00:00,11937,2019,"(0.8519999694824218, 0.605)"
365043,RightFoot,OpenPlay,BlockedShot,0.19277016818523407,63,0,3,Teemu Pukki,7696,h,Norwich,Southampton,Josip Drmic,2020-06-19 17:00:00,11937,2019,"(0.8969999694824219, 0.46700000762939453)"
365032,Head,SetPiece,MissedShots,0.1171875149011612,44,0,3,Timm Klose,162,h,Norwich,Southampton,Emiliano Buendía,2020-06-19 17:00:00,11937,2019,"(0.915, 0.46799999237060547)"
365024,Head,FromCorner,BlockedShot,0.050071001052856445,1,0,3,Timm Klose,162,h,Norwich,Southampton,Kenny McLean,2020-06-19 17:00:00,11937,2019,"(0.9119999694824219, 0.4620000076293945)"
365025,LeftFoot,OpenPlay,MissedShots,0.014534601010382175,5,0,3,Kenny McLean,7693,h,Norwich,Southampton,Emiliano Buendía,2020-06-19 17:00:00,11937,2019,"(0.755, 0.28)"
365026,LeftFoot,OpenPlay,BlockedShot,0.13386040925979614,7,0,3,Josip Drmic,209,h,Norwich,Southampton,Teemu Pukki,2020-06-19 17:00:00,11937,2019,"(0.8680000305175781, 0.43900001525878907)"
365049,RightFoot,FromCorner,BlockedShot,0.014835641719400883,83,0,3,Onel Hernández,7697,h,Norwich,Southampton,,2020-06-19 17:00:00,11937,2019,"(0.74, 0.6079999923706054)"
365028,LeftFoot,OpenPlay,BlockedShot,0.023927437141537666,20,0,3,Kenny McLean,7693,h,Norwich,Southampton,Todd Cantwell,2020-06-19 17:00:00,11937,2019,"(0.7919999694824219, 0.3340000152587891)"
365031,LeftFoot,OpenPlay,SavedShot,0.03374645486474037,40,0,3,Kenny McLean,7693,h,Norwich,Southampton,Todd Cantwell,2020-06-19 17:00:00,11937,2019,"(0.78, 0.48700000762939455)"
366319,RightFoot,OpenPlay,BlockedShot,0.04788205400109291,64,0,1,Kenny McLean,7693,h,Norwich,Everton,Josip Drmic,2020-06-24 17:00:00,11948,2019,"(0.8719999694824219, 0.295)"
366311,RightFoot,OpenPlay,SavedShot,0.015105057507753372,46,0,1,Lukas Rupp,62,h,Norwich,Everton,Ondrej Duda,2020-06-24 17:00:00,11948,2019,"(0.705999984741211, 0.485)"
366307,RightFoot,OpenPlay,BlockedShot,0.05547778308391571,17,0,1,Onel Hernández,7697,h,Norwich,Everton,Lukas Rupp,2020-06-24 17:00:00,11948,2019,"(0.8130000305175781, 0.5429999923706055)"
366312,RightFoot,OpenPlay,BlockedShot,0.10050724446773529,46,0,1,Onel Hernández,7697,h,Norwich,Everton,,2020-06-24 17:00:00,11948,2019,"(0.8430000305175781, 0.5640000152587891)"
366323,RightFoot,OpenPlay,BlockedShot,0.05128532275557518,89,0,1,Adam Idah,8021,h,Norwich,Everton,Teemu Pukki,2020-06-24 17:00:00,11948,2019,"(0.8290000152587891, 0.5420000076293945)"
366320,RightFoot,OpenPlay,BlockedShot,0.014640706591308117,65,0,1,Alexander Tettey,791,h,Norwich,Everton,,2020-06-24 17:00:00,11948,2019,"(0.715999984741211, 0.3609999847412109)"
366309,LeftFoot,OpenPlay,MissedShots,0.014606550335884094,27,0,1,Alexander Tettey,791,h,Norwich,Everton,Onel Hernández,2020-06-24 17:00:00,11948,2019,"(0.725999984741211, 0.549000015258789)"
366310,RightFoot,DirectFreekick,BlockedShot,0.05497857928276062,30,0,1,Ondrej Duda,5240,h,Norwich,Everton,,2020-06-24 17:00:00,11948,2019,"(0.740999984741211, 0.575999984741211)"
366324,Head,FromCorner,MissedShots,0.02903068996965885,90,0,1,Josip Drmic,209,h,Norwich,Everton,Emiliano Buendía,2020-06-24 17:00:00,11948,2019,"(0.914000015258789, 0.4570000076293945)"
367996,RightFoot,OpenPlay,BlockedShot,0.01715417206287384,25,0,4,Todd Cantwell,7695,a,Norwich,Arsenal,Teemu Pukki,2020-07-01 17:00:00,11953,2019,"(0.715, 0.565)"
368009,RightFoot,OpenPlay,MissedShots,0.009143821895122528,69,0,4,Ben Godfrey,7689,a,Norwich,Arsenal,Todd Cantwell,2020-07-01 17:00:00,11953,2019,"(0.6959999847412109, 0.3890000152587891)"
367994,RightFoot,OpenPlay,ShotOnPost,0.013341730460524559,19,0,4,Ben Godfrey,7689,a,Norwich,Arsenal,Tom Trybull,2020-07-01 17:00:00,11953,2019,"(0.6940000152587891, 0.4420000076293945)"
368005,RightFoot,OpenPlay,MissedShots,0.01502138003706932,52,0,4,Onel Hernández,7697,a,Norwich,Arsenal,Adam Idah,2020-07-01 17:00:00,11953,2019,"(0.7319999694824219, 0.5590000152587891)"
368002,RightFoot,OpenPlay,BlockedShot,0.014926843345165253,42,0,4,Emiliano Buendía,2203,a,Norwich,Arsenal,,2020-07-01 17:00:00,11953,2019,"(0.749000015258789, 0.49700000762939456)"
368006,RightFoot,OpenPlay,BlockedShot,0.014084350317716599,64,0,4,Josip Drmic,209,a,Norwich,Arsenal,Onel Hernández,2020-07-01 17:00:00,11953,2019,"(0.7809999847412109, 0.7030000305175781)"
368004,LeftFoot,OpenPlay,SavedShot,0.02403431199491024,45,0,4,Adam Idah,8021,a,Norwich,Arsenal,Ben Godfrey,2020-07-01 17:00:00,11953,2019,"(0.7659999847412109, 0.4929999923706055)"
368003,LeftFoot,DirectFreekick,SavedShot,0.04616442322731018,46,0,4,Kenny McLean,7693,a,Norwich,Arsenal,,2020-07-01 17:00:00,11953,2019,"(0.720999984741211, 0.45799999237060546)"
368522,Head,OpenPlay,MissedShots,0.03483494371175766,94,0,1,Todd Cantwell,7695,h,Norwich,Brighton,Ben Godfrey,2020-07-04 11:30:00,11969,2019,"(0.885, 0.5509999847412109)"
368507,RightFoot,OpenPlay,BlockedShot,0.02274586260318756,28,0,1,Alexander Tettey,791,h,Norwich,Brighton,Onel Hernández,2020-07-04 11:30:00,11969,2019,"(0.7719999694824219, 0.35700000762939454)"
368504,RightFoot,OpenPlay,BlockedShot,0.08516290783882141,12,0,1,Onel Hernández,7697,h,Norwich,Brighton,Kenny McLean,2020-07-04 11:30:00,11969,2019,"(0.879000015258789, 0.6780000305175782)"
368521,Head,OpenPlay,ShotOnPost,0.031140662729740143,93,0,1,Adam Idah,8021,h,Norwich,Brighton,Kenny McLean,2020-07-04 11:30:00,11969,2019,"(0.8930000305175781, 0.5029999923706054)"
368505,RightFoot,OpenPlay,MissedShots,0.051392894238233566,18,0,1,Onel Hernández,7697,h,Norwich,Brighton,Emiliano Buendía,2020-07-04 11:30:00,11969,2019,"(0.9130000305175782, 0.29399999618530276)"
368519,LeftFoot,OpenPlay,BlockedShot,0.015441295690834522,92,0,1,Emiliano Buendía,2203,h,Norwich,Brighton,Ben Godfrey,2020-07-04 11:30:00,11969,2019,"(0.7119999694824218, 0.37)"
368510,RightFoot,OpenPlay,BlockedShot,0.07713557779788971,45,0,1,Onel Hernández,7697,h,Norwich,Brighton,Emiliano Buendía,2020-07-04 11:30:00,11969,2019,"(0.8880000305175781, 0.635)"
368520,RightFoot,OpenPlay,BlockedShot,0.04979034140706062,92,0,1,Teemu Pukki,7696,h,Norwich,Brighton,Max Aarons,2020-07-04 11:30:00,11969,2019,"(0.895, 0.35700000762939454)"
368511,RightFoot,OpenPlay,BlockedShot,0.04875803366303444,47,0,1,Ondrej Duda,5240,h,Norwich,Brighton,Emiliano Buendía,2020-07-04 11:30:00,11969,2019,"(0.8069999694824219, 0.524000015258789)"
368514,RightFoot,OpenPlay,BlockedShot,0.03411910682916641,55,0,1,Emiliano Buendía,2203,h,Norwich,Brighton,,2020-07-04 11:30:00,11969,2019,"(0.81, 0.3659999847412109)"
368508,RightFoot,OpenPlay,MissedShots,0.04144731163978577,32,0,1,Onel Hernández,7697,h,Norwich,Brighton,Jamal Lewis,2020-07-04 11:30:00,11969,2019,"(0.8780000305175781, 0.705999984741211)"
368516,RightFoot,OpenPlay,SavedShot,0.05310031771659851,65,0,1,Josip Drmic,209,h,Norwich,Brighton,Onel Hernández,2020-07-04 11:30:00,11969,2019,"(0.8059999847412109, 0.509000015258789)"
369402,LeftFoot,OpenPlay,MissedShots,0.0497857965528965,53,1,2,Emiliano Buendía,2203,a,Norwich,Watford,Max Aarons,2020-07-07 17:00:00,11981,2019,"(0.82, 0.37599998474121094)"
369395,RightFoot,FromCorner,MissedShots,0.016043776646256447,29,1,2,Onel Hernández,7697,a,Norwich,Watford,,2020-07-07 17:00:00,11981,2019,"(0.745, 0.5629999923706055)"
369400,LeftFoot,OpenPlay,BlockedShot,0.09971964359283447,53,1,2,Onel Hernández,7697,a,Norwich,Watford,Jamal Lewis,2020-07-07 17:00:00,11981,2019,"(0.8619999694824219, 0.5570000076293945)"
369408,Head,SetPiece,MissedShots,0.03605742007493973,77,1,2,Mario Vrancic,12,a,Norwich,Watford,Emiliano Buendía,2020-07-07 17:00:00,11981,2019,"(0.905, 0.605999984741211)"
369401,RightFoot,OpenPlay,SavedShot,0.04688644781708717,53,1,2,Max Aarons,7688,a,Norwich,Watford,,2020-07-07 17:00:00,11981,2019,"(0.86, 0.35900001525878905)"
369391,LeftFoot,OpenPlay,Goal,0.06858623027801514,3,1,2,Emiliano Buendía,2203,a,Norwich,Watford,Onel Hernández,2020-07-07 17:00:00,11981,2019,"(0.8769999694824219, 0.34)"
369405,LeftFoot,FromCorner,BlockedShot,0.07122992724180222,57,1,2,Timm Klose,162,a,Norwich,Watford,,2020-07-07 17:00:00,11981,2019,"(0.865, 0.5320000076293945)"
369410,RightFoot,OpenPlay,MissedShots,0.6259735822677612,84,1,2,Adam Idah,8021,a,Norwich,Watford,Josip Drmic,2020-07-07 17:00:00,11981,2019,"(0.9590000152587891, 0.4909999847412109)"
369399,Head,OpenPlay,MissedShots,0.03395930677652359,46,1,2,Teemu Pukki,7696,a,Norwich,Watford,,2020-07-07 17:00:00,11981,2019,"(0.8809999847412109, 0.5509999847412109)"
369390,RightFoot,DirectFreekick,SavedShot,0.04522330313920975,2,1,2,Emiliano Buendía,2203,a,Norwich,Watford,,2020-07-07 17:00:00,11981,2019,"(0.7830000305175782, 0.7559999847412109)"
369409,Head,OpenPlay,MissedShots,0.030554499477148056,84,1,2,Josip Drmic,209,a,Norwich,Watford,Jamal Lewis,2020-07-07 17:00:00,11981,2019,"(0.9490000152587891, 0.63)"
369404,RightFoot,OpenPlay,BlockedShot,0.014437404461205006,57,1,2,Mario Vrancic,12,a,Norwich,Watford,Onel Hernández,2020-07-07 17:00:00,11981,2019,"(0.7269999694824218, 0.6630000305175782)"
370372,Head,OpenPlay,MissedShots,0.06059738248586655,61,0,4,Mario Vrancic,12,h,Norwich,West Ham,Max Aarons,2020-07-11 11:30:00,11988,2019,"(0.9159999847412109, 0.5379999923706055)"
370349,LeftFoot,OpenPlay,BlockedShot,0.13771815598011017,9,0,4,Marco Stiepermann,7694,h,Norwich,West Ham,Onel Hernández,2020-07-11 11:30:00,11988,2019,"(0.919000015258789, 0.445)"
370350,LeftFoot,OpenPlay,MissedShots,0.030110837891697884,9,0,4,Mario Vrancic,12,h,Norwich,West Ham,Emiliano Buendía,2020-07-11 11:30:00,11988,2019,"(0.775, 0.519000015258789)"
370367,RightFoot,OpenPlay,BlockedShot,0.02543434128165245,53,0,4,Teemu Pukki,7696,h,Norwich,West Ham,Marco Stiepermann,2020-07-11 11:30:00,11988,2019,"(0.764000015258789, 0.534000015258789)"
370354,Head,OpenPlay,MissedShots,0.0484943613409996,22,0,4,Teemu Pukki,7696,h,Norwich,West Ham,Jamal Lewis,2020-07-11 11:30:00,11988,2019,"(0.9130000305175782, 0.5940000152587891)"
370375,RightFoot,OpenPlay,MissedShots,0.010953481309115887,86,0,4,Todd Cantwell,7695,h,Norwich,West Ham,Jamal Lewis,2020-07-11 11:30:00,11988,2019,"(0.764000015258789, 0.7169999694824218)"
370355,LeftFoot,OpenPlay,MissedShots,0.12741395831108093,29,0,4,Onel Hernández,7697,h,Norwich,West Ham,Jamal Lewis,2020-07-11 11:30:00,11988,2019,"(0.92, 0.5429999923706055)"
370370,RightFoot,OpenPlay,SavedShot,0.0940093994140625,60,0,4,Onel Hernández,7697,h,Norwich,West Ham,Marco Stiepermann,2020-07-11 11:30:00,11988,2019,"(0.8430000305175781, 0.4779999923706055)"
370371,RightFoot,OpenPlay,BlockedShot,0.015528086572885513,61,0,4,Emiliano Buendía,2203,h,Norwich,West Ham,Jamal Lewis,2020-07-11 11:30:00,11988,2019,"(0.7390000152587891, 0.5629999923706055)"
370356,LeftFoot,DirectFreekick,MissedShots,0.05220204219222069,31,0,4,Mario Vrancic,12,h,Norwich,West Ham,,2020-07-11 11:30:00,11988,2019,"(0.7709999847412109, 0.30100000381469727)"
370363,LeftFoot,OpenPlay,SavedShot,0.010788769461214542,47,0,4,Emiliano Buendía,2203,h,Norwich,West Ham,,2020-07-11 11:30:00,11988,2019,"(0.785, 0.3120000076293945)"
371328,LeftFoot,OpenPlay,BlockedShot,0.02564656175673008,54,0,1,Kenny McLean,7693,a,Norwich,Chelsea,Onel Hernández,2020-07-14 19:15:00,11995,2019,"(0.8109999847412109, 0.6790000152587891)"
371329,LeftFoot,OpenPlay,BlockedShot,0.03746437653899193,61,0,1,Jamal Lewis,7691,a,Norwich,Chelsea,Kenny McLean,2020-07-14 19:15:00,11995,2019,"(0.8540000152587891, 0.715)"
372350,RightFoot,FromCorner,BlockedShot,0.03487826883792877,0,0,2,Todd Cantwell,7695,h,Norwich,Burnley,Emiliano Buendía,2020-07-18 16:30:00,12008,2019,"(0.8959999847412109, 0.32)"
372375,RightFoot,OpenPlay,SavedShot,0.030022645369172096,83,0,2,Onel Hernández,7697,h,Norwich,Burnley,Christoph Zimmermann,2020-07-18 16:30:00,12008,2019,"(0.825999984741211, 0.34200000762939453)"
372351,Head,FromCorner,MissedShots,0.11160516738891602,8,0,2,Ben Godfrey,7689,h,Norwich,Burnley,Emiliano Buendía,2020-07-18 16:30:00,12008,2019,"(0.9259999847412109, 0.485)"
372353,Head,FromCorner,SavedShot,0.33442986011505127,18,0,2,Ben Godfrey,7689,h,Norwich,Burnley,,2020-07-18 16:30:00,12008,2019,"(0.94, 0.46)"
372373,RightFoot,OpenPlay,OwnGoal,0.0,79,0,2,Ben Godfrey,7689,h,Norwich,Burnley,,2020-07-18 16:30:00,12008,2019,"(0.045, 0.515)"
372376,Head,FromCorner,MissedShots,0.011007960885763168,84,0,2,Ben Godfrey,7689,h,Norwich,Burnley,Kenny McLean,2020-07-18 16:30:00,12008,2019,"(0.894000015258789, 0.37099998474121093)"
372354,LeftFoot,FromCorner,BlockedShot,0.05465800315141678,18,0,2,Alexander Tettey,791,h,Norwich,Burnley,,2020-07-18 16:30:00,12008,2019,"(0.875999984741211, 0.375)"
373746,RightFoot,OpenPlay,SavedShot,0.30352991819381714,35,0,5,Teemu Pukki,7696,a,Norwich,Manchester City,Lukas Rupp,2020-07-26 15:00:00,12017,2019,"(0.8059999847412109, 0.4640000152587891)"
373747,RightFoot,OpenPlay,MissedShots,0.03251631185412407,35,0,5,Todd Cantwell,7695,a,Norwich,Manchester City,,2020-07-26 15:00:00,12017,2019,"(0.7680000305175781, 0.5579999923706055)"
373769,RightFoot,OpenPlay,SavedShot,0.10646000504493713,88,0,5,Josh Martin,8455,a,Norwich,Manchester City,Todd Cantwell,2020-07-26 15:00:00,12017,2019,"(0.89, 0.575999984741211)"
373758,RightFoot,OpenPlay,SavedShot,0.3338720202445984,57,0,5,Onel Hernández,7697,a,Norwich,Manchester City,Kenny McLean,2020-07-26 15:00:00,12017,2019,"(0.885, 0.580999984741211)"
373767,LeftFoot,OpenPlay,SavedShot,0.02005445957183838,82,0,5,Adam Idah,8021,a,Norwich,Manchester City,Lukas Rupp,2020-07-26 15:00:00,12017,2019,"(0.7530000305175781, 0.634000015258789)"
